game_id,pfr_game_id
2012_01_DAL_NYG,201209050nyg
2012_01_IND_CHI,201209090chi
2012_01_ATL_KC,201209090kan
2012_01_BUF_NYJ,201209090nyj
2012_01_STL_DET,201209090det
2012_01_PHI_CLE,201209090cle
2012_01_WAS_NO,201209090nor
2012_01_NE_TEN,201209090oti
2012_01_MIA_HOU,201209090htx
2012_01_JAX_MIN,201209090min
2012_01_SEA_ARI,201209090crd
2012_01_SF_GB,201209090gnb
2012_01_CAR_TB,201209090tam
2012_01_PIT_DEN,201209090den
2012_01_CIN_BAL,201209100rav
2012_01_SD_OAK,201209100rai
2012_02_CHI_GB,201209130gnb
2012_02_ARI_NE,201209160nwe
2012_02_CLE_CIN,201209160cin
2012_02_OAK_MIA,201209160mia
2012_02_KC_BUF,201209160buf
2012_02_HOU_JAX,201209160jax
2012_02_TB_NYG,201209160nyg
2012_02_BAL_PHI,201209160phi
2012_02_NO_CAR,201209160car
2012_02_MIN_IND,201209160clt
2012_02_WAS_STL,201209160ram
2012_02_DAL_SEA,201209160sea
2012_02_NYJ_PIT,201209160pit
2012_02_TEN_SD,201209160sdg
2012_02_DET_SF,201209160sfo
2012_02_DEN_ATL,201209170atl
2012_03_NYG_CAR,201209200car
2012_03_BUF_CLE,201209230cle
2012_03_KC_NO,201209230nor
2012_03_DET_TEN,201209230oti
2012_03_JAX_IND,201209230clt
2012_03_CIN_WAS,201209230was
2012_03_NYJ_MIA,201209230mia
2012_03_STL_CHI,201209230chi
2012_03_TB_DAL,201209230dal
2012_03_SF_MIN,201209230min
2012_03_ATL_SD,201209230sdg
2012_03_PHI_ARI,201209230crd
2012_03_HOU_DEN,201209230den
2012_03_PIT_OAK,201209230rai
2012_03_NE_BAL,201209230rav
2012_03_GB_SEA,201209240sea
2012_04_CLE_BAL,201209270rav
2012_04_SEA_STL,201209300ram
2012_04_NE_BUF,201209300buf
2012_04_SF_NYJ,201209300nyj
2012_04_CAR_ATL,201209300atl
2012_04_MIN_DET,201209300det
2012_04_TEN_HOU,201209300htx
2012_04_SD_KC,201209300kan
2012_04_MIA_ARI,201209300crd
2012_04_CIN_JAX,201209300jax
2012_04_OAK_DEN,201209300den
2012_04_WAS_TB,201209300tam
2012_04_NO_GB,201209300gnb
2012_04_NYG_PHI,201209300phi
2012_04_CHI_DAL,201210010dal
2012_05_ARI_STL,201210040ram
2012_05_PHI_PIT,201210070pit
2012_05_CLE_NYG,201210070nyg
2012_05_BAL_KC,201210070kan
2012_05_GB_IND,201210070clt
2012_05_MIA_CIN,201210070cin
2012_05_ATL_WAS,201210070was
2012_05_SEA_CAR,201210070car
2012_05_CHI_JAX,201210070jax
2012_05_TEN_MIN,201210070min
2012_05_BUF_SF,201210070sfo
2012_05_DEN_NE,201210070nwe
2012_05_SD_NO,201210070nor
2012_05_HOU_NYJ,201210080nyj
2012_06_PIT_TEN,201210110oti
2012_06_STL_MIA,201210140mia
2012_06_KC_TB,201210140tam
2012_06_OAK_ATL,201210140atl
2012_06_IND_NYJ,201210140nyj
2012_06_DAL_BAL,201210140rav
2012_06_CIN_CLE,201210140cle
2012_06_DET_PHI,201210140phi
2012_06_NE_SEA,201210140sea
2012_06_BUF_ARI,201210140crd
2012_06_NYG_SF,201210140sfo
2012_06_MIN_WAS,201210140was
2012_06_GB_HOU,201210140htx
2012_06_DEN_SD,201210150sdg
2012_07_SEA_SF,201210180sfo
2012_07_GB_STL,201210210ram
2012_07_NO_TB,201210210tam
2012_07_TEN_BUF,201210210buf
2012_07_BAL_HOU,201210210htx
2012_07_CLE_IND,201210210clt
2012_07_DAL_CAR,201210210car
2012_07_WAS_NYG,201210210nyg
2012_07_ARI_MIN,201210210min
2012_07_JAX_OAK,201210210rai
2012_07_NYJ_NE,201210210nwe
2012_07_PIT_CIN,201210210cin
2012_07_DET_CHI,201210220chi
2012_08_TB_MIN,201210250min
2012_08_WAS_PIT,201210280pit
2012_08_ATL_PHI,201210280phi
2012_08_CAR_CHI,201210280chi
2012_08_SEA_DET,201210280det
2012_08_JAX_GB,201210280gnb
2012_08_MIA_NYJ,201210280nyj
2012_08_IND_TEN,201210280oti
2012_08_SD_CLE,201210280cle
2012_08_NE_STL,201210280ram
2012_08_OAK_KC,201210280kan
2012_08_NYG_DAL,201210280dal
2012_08_NO_DEN,201210280den
2012_08_SF_ARI,201210290crd
2012_09_KC_SD,201211010sdg
2012_09_DEN_CIN,201211040cin
2012_09_MIA_IND,201211040clt
2012_09_BUF_HOU,201211040htx
2012_09_ARI_GB,201211040gnb
2012_09_BAL_CLE,201211040cle
2012_09_DET_JAX,201211040jax
2012_09_CHI_TEN,201211040oti
2012_09_CAR_WAS,201211040was
2012_09_TB_OAK,201211040rai
2012_09_MIN_SEA,201211040sea
2012_09_PIT_NYG,201211040nyg
2012_09_DAL_ATL,201211040atl
2012_09_PHI_NO,201211050nor
2012_10_IND_JAX,201211080jax
2012_10_ATL_NO,201211110nor
2012_10_BUF_NE,201211110nwe
2012_10_DEN_CAR,201211110car
2012_10_OAK_BAL,201211110rav
2012_10_SD_TB,201211110tam
2012_10_TEN_MIA,201211110mia
2012_10_NYG_CIN,201211110cin
2012_10_DET_MIN,201211110min
2012_10_NYJ_SEA,201211110sea
2012_10_DAL_PHI,201211110phi
2012_10_STL_SF,201211110sfo
2012_10_HOU_CHI,201211110chi
2012_10_KC_PIT,201211120pit
2012_11_MIA_BUF,201211150buf
2012_11_NYJ_STL,201211180ram
2012_11_GB_DET,201211180det
2012_11_JAX_HOU,201211180htx
2012_11_CIN_KC,201211180kan
2012_11_ARI_ATL,201211180atl
2012_11_PHI_WAS,201211180was
2012_11_TB_CAR,201211180car
2012_11_CLE_DAL,201211180dal
2012_11_NO_OAK,201211180rai
2012_11_IND_NE,201211180nwe
2012_11_SD_DEN,201211180den
2012_11_BAL_PIT,201211180pit
2012_11_CHI_SF,201211190sfo
2012_12_HOU_DET,201211220det
2012_12_WAS_DAL,201211220dal
2012_12_NE_NYJ,201211220nyj
2012_12_MIN_CHI,201211250chi
2012_12_ATL_TB,201211250tam
2012_12_OAK_CIN,201211250cin
2012_12_PIT_CLE,201211250cle
2012_12_BUF_IND,201211250clt
2012_12_DEN_KC,201211250kan
2012_12_TEN_JAX,201211250jax
2012_12_SEA_MIA,201211250mia
2012_12_BAL_SD,201211250sdg
2012_12_SF_NO,201211250nor
2012_12_STL_ARI,201211250crd
2012_12_GB_NYG,201211250nyg
2012_12_CAR_PHI,201211260phi
2012_13_NO_ATL,201211290atl
2012_13_SF_STL,201212020ram
2012_13_MIN_GB,201212020gnb
2012_13_NE_MIA,201212020mia
2012_13_JAX_BUF,201212020buf
2012_13_HOU_TEN,201212020oti
2012_13_ARI_NYJ,201212020nyj
2012_13_CAR_KC,201212020kan
2012_13_SEA_CHI,201212020chi
2012_13_IND_DET,201212020det
2012_13_TB_DEN,201212020den
2012_13_CIN_SD,201212020sdg
2012_13_CLE_OAK,201212020rai
2012_13_PIT_BAL,201212020rav
2012_13_PHI_DAL,201212020dal
2012_13_NYG_WAS,201212030was
2012_14_DEN_OAK,201212060rai
2012_14_STL_BUF,201212090buf
2012_14_SD_PIT,201212090pit
2012_14_NYJ_JAX,201212090jax
2012_14_TEN_IND,201212090clt
2012_14_KC_CLE,201212090cle
2012_14_PHI_TB,201212090tam
2012_14_BAL_WAS,201212090was
2012_14_DAL_CIN,201212090cin
2012_14_ATL_CAR,201212090car
2012_14_CHI_MIN,201212090min
2012_14_MIA_SF,201212090sfo
2012_14_NO_NYG,201212090nyg
2012_14_ARI_SEA,201212090sea
2012_14_DET_GB,201212090gnb
2012_14_HOU_NE,201212100nwe
2012_15_CIN_PHI,201212130phi
2012_15_MIN_STL,201212160ram
2012_15_IND_HOU,201212160htx
2012_15_DEN_BAL,201212160rav
2012_15_TB_NO,201212160nor
2012_15_GB_CHI,201212160chi
2012_15_WAS_CLE,201212160cle
2012_15_NYG_ATL,201212160atl
2012_15_JAX_MIA,201212160mia
2012_15_DET_ARI,201212160crd
2012_15_SEA_BUF,201212160buf
2012_15_CAR_SD,201212160sdg
2012_15_PIT_DAL,201212160dal
2012_15_KC_OAK,201212160rai
2012_15_SF_NE,201212160nwe
2012_15_NYJ_TEN,201212170oti
2012_16_ATL_DET,201212220det
2012_16_BUF_MIA,201212230mia
2012_16_NE_JAX,201212230jax
2012_16_NO_DAL,201212230dal
2012_16_TEN_GB,201212230gnb
2012_16_CIN_PIT,201212230pit
2012_16_IND_KC,201212230kan
2012_16_SD_NYJ,201212230nyj
2012_16_WAS_PHI,201212230phi
2012_16_STL_TB,201212230tam
2012_16_MIN_HOU,201212230htx
2012_16_OAK_CAR,201212230car
2012_16_CLE_DEN,201212230den
2012_16_NYG_BAL,201212230rav
2012_16_CHI_ARI,201212230crd
2012_16_SF_SEA,201212230sea
2012_17_CLE_PIT,201212300pit
2012_17_HOU_IND,201212300clt
2012_17_TB_ATL,201212300atl
2012_17_NYJ_BUF,201212300buf
2012_17_JAX_TEN,201212300oti
2012_17_CHI_DET,201212300det
2012_17_BAL_CIN,201212300cin
2012_17_CAR_NO,201212300nor
2012_17_PHI_NYG,201212300nyg
2012_17_OAK_SD,201212300sdg
2012_17_KC_DEN,201212300den
2012_17_GB_MIN,201212300min
2012_17_MIA_NE,201212300nwe
2012_17_ARI_SF,201212300sfo
2012_17_STL_SEA,201212300sea
2012_17_DAL_WAS,201212300was
2012_18_CIN_HOU,201301050htx
2012_18_MIN_GB,201301050gnb
2012_18_IND_BAL,201301060rav
2012_18_SEA_WAS,201301060was
2012_19_BAL_DEN,201301120den
2012_19_GB_SF,201301120sfo
2012_19_SEA_ATL,201301130atl
2012_19_HOU_NE,201301130nwe
2012_20_SF_ATL,201301200atl
2012_20_BAL_NE,201301200nwe
2012_21_BAL_SF,201302030sfo
2013_01_BAL_DEN,201309050den
2013_01_NE_BUF,201309080buf
2013_01_TEN_PIT,201309080pit
2013_01_MIN_DET,201309080det
2013_01_MIA_CLE,201309080cle
2013_01_OAK_IND,201309080clt
2013_01_CIN_CHI,201309080chi
2013_01_ATL_NO,201309080nor
2013_01_TB_NYJ,201309080nyj
2013_01_KC_JAX,201309080jax
2013_01_SEA_CAR,201309080car
2013_01_ARI_STL,201309080ram
2013_01_GB_SF,201309080sfo
2013_01_NYG_DAL,201309080dal
2013_01_PHI_WAS,201309090was
2013_01_HOU_SD,201309090sdg
2013_02_NYJ_NE,201309120nwe
2013_02_DAL_KC,201309150kan
2013_02_CAR_BUF,201309150buf
2013_02_SD_PHI,201309150phi
2013_02_WAS_GB,201309150gnb
2013_02_CLE_BAL,201309150rav
2013_02_MIA_IND,201309150clt
2013_02_MIN_CHI,201309150chi
2013_02_TEN_HOU,201309150htx
2013_02_STL_ATL,201309150atl
2013_02_DET_ARI,201309150crd
2013_02_NO_TB,201309150tam
2013_02_DEN_NYG,201309150nyg
2013_02_JAX_OAK,201309150rai
2013_02_SF_SEA,201309150sea
2013_02_PIT_CIN,201309160cin
2013_03_KC_PHI,201309190phi
2013_03_TB_NE,201309220nwe
2013_03_STL_DAL,201309220dal
2013_03_NYG_CAR,201309220car
2013_03_GB_CIN,201309220cin
2013_03_ARI_NO,201309220nor
2013_03_SD_TEN,201309220oti
2013_03_DET_WAS,201309220was
2013_03_HOU_BAL,201309220rav
2013_03_CLE_MIN,201309220min
2013_03_ATL_MIA,201309220mia
2013_03_BUF_NYJ,201309220nyj
2013_03_IND_SF,201309220sfo
2013_03_JAX_SEA,201309220sea
2013_03_CHI_PIT,201309220pit
2013_03_OAK_DEN,201309230den
2013_04_SF_STL,201309260ram
2013_04_NYG_KC,201309290kan
2013_04_BAL_BUF,201309290buf
2013_04_ARI_TB,201309290tam
2013_04_CHI_DET,201309290det
2013_04_SEA_HOU,201309290htx
2013_04_CIN_CLE,201309290cle
2013_04_IND_JAX,201309290jax
2013_04_PIT_MIN,201309290min
2013_04_NYJ_TEN,201309290oti
2013_04_PHI_DEN,201309290den
2013_04_WAS_OAK,201309290rai
2013_04_DAL_SD,201309290sdg
2013_04_NE_ATL,201309290atl
2013_04_MIA_NO,201309300nor
2013_05_BUF_CLE,201310030cle
2013_05_JAX_STL,201310060ram
2013_05_PHI_NYG,201310060nyg
2013_05_DET_GB,201310060gnb
2013_05_NE_CIN,201310060cin
2013_05_BAL_MIA,201310060mia
2013_05_NO_CHI,201310060chi
2013_05_SEA_IND,201310060clt
2013_05_KC_TEN,201310060oti
2013_05_CAR_ARI,201310060crd
2013_05_DEN_DAL,201310060dal
2013_05_HOU_SF,201310060sfo
2013_05_SD_OAK,201310060rai
2013_05_NYJ_ATL,201310070atl
2013_06_NYG_CHI,201310100chi
2013_06_GB_BAL,201310130rav
2013_06_OAK_KC,201310130kan
2013_06_CIN_BUF,201310130buf
2013_06_DET_CLE,201310130cle
2013_06_PHI_TB,201310130tam
2013_06_STL_HOU,201310130htx
2013_06_PIT_NYJ,201310130nyj
2013_06_CAR_MIN,201310130min
2013_06_JAX_DEN,201310130den
2013_06_TEN_SEA,201310130sea
2013_06_ARI_SF,201310130sfo
2013_06_NO_NE,201310130nwe
2013_06_WAS_DAL,201310130dal
2013_06_IND_SD,201310140sdg
2013_07_SEA_ARI,201310170crd
2013_07_TB_ATL,201310200atl
2013_07_DAL_PHI,201310200phi
2013_07_BUF_MIA,201310200mia
2013_07_CIN_DET,201310200det
2013_07_SD_JAX,201310200jax
2013_07_STL_CAR,201310200car
2013_07_NE_NYJ,201310200nyj
2013_07_CHI_WAS,201310200was
2013_07_SF_TEN,201310200oti
2013_07_BAL_PIT,201310200pit
2013_07_CLE_GB,201310200gnb
2013_07_HOU_KC,201310200kan
2013_07_DEN_IND,201310200clt
2013_07_MIN_NYG,201310210nyg
2013_08_CAR_TB,201310240tam
2013_08_MIA_NE,201310270nwe
2013_08_NYG_PHI,201310270phi
2013_08_BUF_NO,201310270nor
2013_08_CLE_KC,201310270kan
2013_08_DAL_DET,201310270det
2013_08_SF_JAX,201310270jax
2013_08_PIT_OAK,201310270rai
2013_08_NYJ_CIN,201310270cin
2013_08_ATL_ARI,201310270crd
2013_08_WAS_DEN,201310270den
2013_08_GB_MIN,201310270min
2013_08_SEA_STL,201310280ram
2013_09_CIN_MIA,201310310mia
2013_09_TEN_STL,201311030ram
2013_09_KC_BUF,201311030buf
2013_09_SD_WAS,201311030was
2013_09_ATL_CAR,201311030car
2013_09_MIN_DAL,201311030dal
2013_09_NO_NYJ,201311030nyj
2013_09_TB_SEA,201311030sea
2013_09_PHI_OAK,201311030rai
2013_09_PIT_NE,201311030nwe
2013_09_BAL_CLE,201311030cle
2013_09_IND_HOU,201311030htx
2013_09_CHI_GB,201311040gnb
2013_10_WAS_MIN,201311070min
2013_10_PHI_GB,201311100gnb
2013_10_JAX_TEN,201311100oti
2013_10_CIN_BAL,201311100rav
2013_10_BUF_PIT,201311100pit
2013_10_SEA_ATL,201311100atl
2013_10_OAK_NYG,201311100nyg
2013_10_STL_IND,201311100clt
2013_10_DET_CHI,201311100chi
2013_10_CAR_SF,201311100sfo
2013_10_HOU_ARI,201311100crd
2013_10_DEN_SD,201311100sdg
2013_10_DAL_NO,201311100nor
2013_10_MIA_TB,201311110tam
2013_11_IND_TEN,201311140oti
2013_11_BAL_CHI,201311170chi
2013_11_DET_PIT,201311170pit
2013_11_NYJ_BUF,201311170buf
2013_11_WAS_PHI,201311170phi
2013_11_CLE_CIN,201311170cin
2013_11_OAK_HOU,201311170htx
2013_11_ATL_TB,201311170tam
2013_11_ARI_JAX,201311170jax
2013_11_SD_MIA,201311170mia
2013_11_SF_NO,201311170nor
2013_11_GB_NYG,201311170nyg
2013_11_MIN_SEA,201311170sea
2013_11_KC_DEN,201311170den
2013_11_NE_CAR,201311180car
2013_12_NO_ATL,201311210atl
2013_12_CHI_STL,201311240ram
2013_12_NYJ_BAL,201311240rav
2013_12_MIN_GB,201311240gnb
2013_12_JAX_HOU,201311240htx
2013_12_TB_DET,201311240det
2013_12_CAR_MIA,201311240mia
2013_12_PIT_CLE,201311240cle
2013_12_SD_KC,201311240kan
2013_12_IND_ARI,201311240crd
2013_12_TEN_OAK,201311240rai
2013_12_DAL_NYG,201311240nyg
2013_12_DEN_NE,201311240nwe
2013_12_SF_WAS,201311250was
2013_13_GB_DET,201311280det
2013_13_OAK_DAL,201311280dal
2013_13_PIT_BAL,201311280rav
2013_13_NE_HOU,201312010htx
2013_13_JAX_CLE,201312010cle
2013_13_MIA_NYJ,201312010nyj
2013_13_ARI_PHI,201312010phi
2013_13_TEN_IND,201312010clt
2013_13_TB_CAR,201312010car
2013_13_CHI_MIN,201312010min
2013_13_ATL_BUF,201312010buf
2013_13_STL_SF,201312010sfo
2013_13_CIN_SD,201312010sdg
2013_13_DEN_KC,201312010kan
2013_13_NYG_WAS,201312010was
2013_13_NO_SEA,201312020sea
2013_14_HOU_JAX,201312050jax
2013_14_ATL_GB,201312080gnb
2013_14_DET_PHI,201312080phi
2013_14_BUF_TB,201312080tam
2013_14_OAK_NYJ,201312080nyj
2013_14_IND_CIN,201312080cin
2013_14_CLE_NE,201312080nwe
2013_14_MIA_PIT,201312080pit
2013_14_MIN_BAL,201312080rav
2013_14_KC_WAS,201312080was
2013_14_TEN_DEN,201312080den
2013_14_STL_ARI,201312080crd
2013_14_NYG_SD,201312080sdg
2013_14_SEA_SF,201312080sfo
2013_14_CAR_NO,201312080nor
2013_14_DAL_CHI,201312090chi
2013_15_SD_DEN,201312120den
2013_15_BUF_JAX,201312150jax
2013_15_SF_TB,201312150tam
2013_15_HOU_IND,201312150clt
2013_15_NE_MIA,201312150mia
2013_15_PHI_MIN,201312150min
2013_15_CHI_CLE,201312150cle
2013_15_WAS_ATL,201312150atl
2013_15_SEA_NYG,201312150nyg
2013_15_NYJ_CAR,201312150car
2013_15_KC_OAK,201312150rai
2013_15_GB_DAL,201312150dal
2013_15_NO_STL,201312150ram
2013_15_ARI_TEN,201312150oti
2013_15_CIN_PIT,201312150pit
2013_15_BAL_DET,201312160det
2013_16_TB_STL,201312220ram
2013_16_TEN_JAX,201312220jax
2013_16_CLE_NYJ,201312220nyj
2013_16_MIA_BUF,201312220buf
2013_16_DEN_HOU,201312220htx
2013_16_MIN_CIN,201312220cin
2013_16_IND_KC,201312220kan
2013_16_DAL_WAS,201312220was
2013_16_NO_CAR,201312220car
2013_16_NYG_DET,201312220det
2013_16_ARI_SEA,201312220sea
2013_16_OAK_SD,201312220sdg
2013_16_NE_BAL,201312220rav
2013_16_PIT_GB,201312220gnb
2013_16_CHI_PHI,201312220phi
2013_16_ATL_SF,201312230sfo
2013_17_BAL_CIN,201312290cin
2013_17_HOU_TEN,201312290oti
2013_17_JAX_IND,201312290clt
2013_17_NYJ_MIA,201312290mia
2013_17_CLE_PIT,201312290pit
2013_17_WAS_NYG,201312290nyg
2013_17_CAR_ATL,201312290atl
2013_17_DET_MIN,201312290min
2013_17_TB_NO,201312290nor
2013_17_BUF_NE,201312290nwe
2013_17_DEN_OAK,201312290rai
2013_17_GB_CHI,201312290chi
2013_17_SF_ARI,201312290crd
2013_17_KC_SD,201312290sdg
2013_17_STL_SEA,201312290sea
2013_17_PHI_DAL,201312290dal
2013_18_KC_IND,201401040clt
2013_18_NO_PHI,201401040phi
2013_18_SD_CIN,201401050cin
2013_18_SF_GB,201401050gnb
2013_19_NO_SEA,201401110sea
2013_19_IND_NE,201401110nwe
2013_19_SF_CAR,201401120car
2013_19_SD_DEN,201401120den
2013_20_NE_DEN,201401190den
2013_20_SF_SEA,201401190sea
2013_21_SEA_DEN,201402020den
2014_01_GB_SEA,201409040sea
2014_01_BUF_CHI,201409070chi
2014_01_MIN_STL,201409070ram
2014_01_CLE_PIT,201409070pit
2014_01_TEN_KC,201409070kan
2014_01_OAK_NYJ,201409070nyj
2014_01_CIN_BAL,201409070rav
2014_01_JAX_PHI,201409070phi
2014_01_NO_ATL,201409070atl
2014_01_NE_MIA,201409070mia
2014_01_WAS_HOU,201409070htx
2014_01_SF_DAL,201409070dal
2014_01_CAR_TB,201409070tam
2014_01_IND_DEN,201409070den
2014_01_NYG_DET,201409080det
2014_01_SD_ARI,201409080crd
2014_02_PIT_BAL,201409110rav
2014_02_MIA_BUF,201409140buf
2014_02_DAL_TEN,201409140oti
2014_02_NO_CLE,201409140cle
2014_02_ARI_NYG,201409140nyg
2014_02_DET_CAR,201409140car
2014_02_JAX_WAS,201409140was
2014_02_NE_MIN,201409140min
2014_02_ATL_CIN,201409140cin
2014_02_SEA_SD,201409140sdg
2014_02_STL_TB,201409140tam
2014_02_NYJ_GB,201409140gnb
2014_02_HOU_OAK,201409140rai
2014_02_KC_DEN,201409140den
2014_02_CHI_SF,201409140sfo
2014_02_PHI_IND,201409150clt
2014_03_TB_ATL,201409180atl
2014_03_DAL_STL,201409210ram
2014_03_SD_BUF,201409210buf
2014_03_GB_DET,201409210det
2014_03_TEN_CIN,201409210cin
2014_03_BAL_CLE,201409210cle
2014_03_OAK_NE,201409210nwe
2014_03_WAS_PHI,201409210phi
2014_03_HOU_NYG,201409210nyg
2014_03_IND_JAX,201409210jax
2014_03_MIN_NO,201409210nor
2014_03_SF_ARI,201409210crd
2014_03_DEN_SEA,201409210sea
2014_03_KC_MIA,201409210mia
2014_03_PIT_CAR,201409210car
2014_03_CHI_NYJ,201409220nyj
2014_04_NYG_WAS,201409250was
2014_04_GB_CHI,201409280chi
2014_04_BUF_HOU,201409280htx
2014_04_CAR_BAL,201409280rav
2014_04_DET_NYJ,201409280nyj
2014_04_TEN_IND,201409280clt
2014_04_TB_PIT,201409280pit
2014_04_MIA_OAK,201409280rai
2014_04_JAX_SD,201409280sdg
2014_04_PHI_SF,201409280sfo
2014_04_ATL_MIN,201409280min
2014_04_NO_DAL,201409280dal
2014_04_NE_KC,201409290kan
2014_05_MIN_GB,201410020gnb
2014_05_CLE_TEN,201410050oti
2014_05_PIT_JAX,201410050jax
2014_05_STL_PHI,201410050phi
2014_05_ATL_NYG,201410050nyg
2014_05_TB_NO,201410050nor
2014_05_HOU_DAL,201410050dal
2014_05_BUF_DET,201410050det
2014_05_CHI_CAR,201410050car
2014_05_BAL_IND,201410050clt
2014_05_ARI_DEN,201410050den
2014_05_NYJ_SD,201410050sdg
2014_05_KC_SF,201410050sfo
2014_05_CIN_NE,201410050nwe
2014_05_SEA_WAS,201410060was
2014_06_IND_HOU,201410090htx
2014_06_PIT_CLE,201410120cle
2014_06_DEN_NYJ,201410120nyj
2014_06_DET_MIN,201410120min
2014_06_BAL_TB,201410120tam
2014_06_GB_MIA,201410120mia
2014_06_NE_BUF,201410120buf
2014_06_JAX_TEN,201410120oti
2014_06_CAR_CIN,201410120cin
2014_06_SD_OAK,201410120rai
2014_06_WAS_ARI,201410120crd
2014_06_CHI_ATL,201410120atl
2014_06_DAL_SEA,201410120sea
2014_06_NYG_PHI,201410120phi
2014_06_SF_STL,201410130ram
2014_07_NYJ_NE,201410160nwe
2014_07_SEA_STL,201410190ram
2014_07_MIA_CHI,201410190chi
2014_07_CIN_IND,201410190clt
2014_07_CLE_JAX,201410190jax
2014_07_ATL_BAL,201410190rav
2014_07_MIN_BUF,201410190buf
2014_07_CAR_GB,201410190gnb
2014_07_TEN_WAS,201410190was
2014_07_NO_DET,201410190det
2014_07_KC_SD,201410190sdg
2014_07_ARI_OAK,201410190rai
2014_07_NYG_DAL,201410190dal
2014_07_SF_DEN,201410190den
2014_07_HOU_PIT,201410200pit
2014_08_SD_DEN,201410230den
2014_08_DET_ATL,201410260atl
2014_08_BAL_CIN,201410260cin
2014_08_CHI_NE,201410260nwe
2014_08_MIA_JAX,201410260jax
2014_08_BUF_NYJ,201410260nyj
2014_08_MIN_TB,201410260tam
2014_08_HOU_TEN,201410260oti
2014_08_STL_KC,201410260kan
2014_08_SEA_CAR,201410260car
2014_08_PHI_ARI,201410260crd
2014_08_OAK_CLE,201410260cle
2014_08_IND_PIT,201410260pit
2014_08_GB_NO,201410260nor
2014_08_WAS_DAL,201410270dal
2014_09_NO_CAR,201410300car
2014_09_JAX_CIN,201411020cin
2014_09_SD_MIA,201411020mia
2014_09_TB_CLE,201411020cle
2014_09_NYJ_KC,201411020kan
2014_09_WAS_MIN,201411020min
2014_09_PHI_HOU,201411020htx
2014_09_ARI_DAL,201411020dal
2014_09_STL_SF,201411020sfo
2014_09_DEN_NE,201411020nwe
2014_09_OAK_SEA,201411020sea
2014_09_BAL_PIT,201411020pit
2014_09_IND_NYG,201411030nyg
2014_10_CLE_CIN,201411060cin
2014_10_KC_BUF,201411090buf
2014_10_MIA_DET,201411090det
2014_10_PIT_NYJ,201411090nyj
2014_10_TEN_BAL,201411090rav
2014_10_SF_NO,201411090nor
2014_10_ATL_TB,201411090tam
2014_10_DAL_JAX,201411090jax
2014_10_DEN_OAK,201411090rai
2014_10_STL_ARI,201411090crd
2014_10_NYG_SEA,201411090sea
2014_10_CHI_GB,201411090gnb
2014_10_CAR_PHI,201411100phi
2014_11_BUF_MIA,201411130mia
2014_11_DEN_STL,201411160ram
2014_11_MIN_CHI,201411160chi
2014_11_CIN_NO,201411160nor
2014_11_SF_NYG,201411160nyg
2014_11_TB_WAS,201411160was
2014_11_HOU_CLE,201411160cle
2014_11_ATL_CAR,201411160car
2014_11_SEA_KC,201411160kan
2014_11_OAK_SD,201411160sdg
2014_11_DET_ARI,201411160crd
2014_11_PHI_GB,201411160gnb
2014_11_NE_IND,201411160clt
2014_11_PIT_TEN,201411170oti
2014_12_KC_OAK,201411200rai
2014_12_CLE_ATL,201411230atl
2014_12_TEN_PHI,201411230phi
2014_12_JAX_IND,201411230clt
2014_12_DET_NE,201411230nwe
2014_12_TB_CHI,201411230chi
2014_12_CIN_HOU,201411230htx
2014_12_GB_MIN,201411230min
2014_12_STL_SD,201411230sdg
2014_12_ARI_SEA,201411230sea
2014_12_MIA_DEN,201411230den
2014_12_WAS_SF,201411230sfo
2014_12_DAL_NYG,201411230nyg
2014_12_NYJ_BUF,201411240buf
2014_12_BAL_NO,201411240nor
2014_13_CHI_DET,201411270det
2014_13_PHI_DAL,201411270dal
2014_13_SEA_SF,201411270sfo
2014_13_OAK_STL,201411300ram
2014_13_CAR_MIN,201411300min
2014_13_CIN_TB,201411300tam
2014_13_NO_PIT,201411300pit
2014_13_CLE_BUF,201411300buf
2014_13_SD_BAL,201411300rav
2014_13_TEN_HOU,201411300htx
2014_13_WAS_IND,201411300clt
2014_13_NYG_JAX,201411300jax
2014_13_ARI_ATL,201411300atl
2014_13_NE_GB,201411300gnb
2014_13_DEN_KC,201411300kan
2014_13_MIA_NYJ,201412010nyj
2014_14_DAL_CHI,201412040chi
2014_14_TB_DET,201412070det
2014_14_BAL_MIA,201412070mia
2014_14_NYJ_MIN,201412070min
2014_14_PIT_CIN,201412070cin
2014_14_STL_WAS,201412070was
2014_14_HOU_JAX,201412070jax
2014_14_NYG_TEN,201412070oti
2014_14_CAR_NO,201412070nor
2014_14_IND_CLE,201412070cle
2014_14_KC_ARI,201412070crd
2014_14_BUF_DEN,201412070den
2014_14_SEA_PHI,201412070phi
2014_14_SF_OAK,201412070rai
2014_14_NE_SD,201412070sdg
2014_14_ATL_GB,201412080gnb
2014_15_ARI_STL,201412110ram
2014_15_WAS_NYG,201412140nyg
2014_15_CIN_CLE,201412140cle
2014_15_JAX_BAL,201412140rav
2014_15_HOU_IND,201412140clt
2014_15_PIT_ATL,201412140atl
2014_15_GB_BUF,201412140buf
2014_15_MIA_NE,201412140nwe
2014_15_TB_CAR,201412140car
2014_15_OAK_KC,201412140kan
2014_15_NYJ_TEN,201412140oti
2014_15_DEN_SD,201412140sdg
2014_15_MIN_DET,201412140det
2014_15_SF_SEA,201412140sea
2014_15_DAL_PHI,201412140phi
2014_15_NO_CHI,201412150chi
2014_16_TEN_JAX,201412180jax
2014_16_PHI_WAS,201412200was
2014_16_SD_SF,201412200sfo
2014_16_NE_NYJ,201412210nyj
2014_16_KC_PIT,201412210pit
2014_16_BAL_HOU,201412210htx
2014_16_ATL_NO,201412210nor
2014_16_MIN_MIA,201412210mia
2014_16_DET_CHI,201412210chi
2014_16_GB_TB,201412210tam
2014_16_CLE_CAR,201412210car
2014_16_NYG_STL,201412210ram
2014_16_BUF_OAK,201412210rai
2014_16_IND_DAL,201412210dal
2014_16_SEA_ARI,201412210crd
2014_16_DEN_CIN,201412220cin
2014_17_PHI_NYG,201412280nyg
2014_17_CHI_MIN,201412280min
2014_17_CLE_BAL,201412280rav
2014_17_IND_TEN,201412280oti
2014_17_BUF_NE,201412280nwe
2014_17_NYJ_MIA,201412280mia
2014_17_NO_TB,201412280tam
2014_17_JAX_HOU,201412280htx
2014_17_SD_KC,201412280kan
2014_17_DAL_WAS,201412280was
2014_17_OAK_DEN,201412280den
2014_17_DET_GB,201412280gnb
2014_17_ARI_SF,201412280sfo
2014_17_CAR_ATL,201412280atl
2014_17_STL_SEA,201412280sea
2014_17_CIN_PIT,201412280pit
2014_18_ARI_CAR,201501030car
2014_18_BAL_PIT,201501030pit
2014_18_CIN_IND,201501040clt
2014_18_DET_DAL,201501040dal
2014_19_BAL_NE,201501100nwe
2014_19_CAR_SEA,201501100sea
2014_19_DAL_GB,201501110gnb
2014_19_IND_DEN,201501110den
2014_20_GB_SEA,201501180sea
2014_20_IND_NE,201501180nwe
2014_21_NE_SEA,201502010sea
2015_01_PIT_NE,201509100nwe
2015_01_SEA_STL,201509130ram
2015_01_GB_CHI,201509130chi
2015_01_KC_HOU,201509130htx
2015_01_MIA_WAS,201509130was
2015_01_IND_BUF,201509130buf
2015_01_CAR_JAX,201509130jax
2015_01_CLE_NYJ,201509130nyj
2015_01_NO_ARI,201509130crd
2015_01_DET_SD,201509130sdg
2015_01_BAL_DEN,201509130den
2015_01_TEN_TB,201509130tam
2015_01_CIN_OAK,201509130rai
2015_01_NYG_DAL,201509130dal
2015_01_PHI_ATL,201509140atl
2015_01_MIN_SF,201509140sfo
2015_02_DEN_KC,201509170kan
2015_02_ARI_CHI,201509200chi
2015_02_SF_PIT,201509200pit
2015_02_TEN_CLE,201509200cle
2015_02_ATL_NYG,201509200nyg
2015_02_TB_NO,201509200nor
2015_02_NE_BUF,201509200buf
2015_02_HOU_CAR,201509200car
2015_02_DET_MIN,201509200min
2015_02_SD_CIN,201509200cin
2015_02_STL_WAS,201509200was
2015_02_BAL_OAK,201509200rai
2015_02_MIA_JAX,201509200jax
2015_02_DAL_PHI,201509200phi
2015_02_SEA_GB,201509200gnb
2015_02_NYJ_IND,201509210clt
2015_03_WAS_NYG,201509240nyg
2015_03_PIT_STL,201509270ram
2015_03_SD_MIN,201509270min
2015_03_CIN_BAL,201509270rav
2015_03_OAK_CLE,201509270cle
2015_03_ATL_DAL,201509270dal
2015_03_NO_CAR,201509270car
2015_03_IND_TEN,201509270oti
2015_03_PHI_NYJ,201509270nyj
2015_03_TB_HOU,201509270htx
2015_03_JAX_NE,201509270nwe
2015_03_SF_ARI,201509270crd
2015_03_BUF_MIA,201509270mia
2015_03_CHI_SEA,201509270sea
2015_03_DEN_DET,201509270det
2015_03_KC_GB,201509280gnb
2015_04_BAL_PIT,201510010pit
2015_04_NYJ_MIA,201510040mia
2015_04_OAK_CHI,201510040chi
2015_04_HOU_ATL,201510040atl
2015_04_NYG_BUF,201510040buf
2015_04_JAX_IND,201510040clt
2015_04_KC_CIN,201510040cin
2015_04_CAR_TB,201510040tam
2015_04_PHI_WAS,201510040was
2015_04_CLE_SD,201510040sdg
2015_04_STL_ARI,201510040crd
2015_04_MIN_DEN,201510040den
2015_04_GB_SF,201510040sfo
2015_04_DAL_NO,201510040nor
2015_04_DET_SEA,201510050sea
2015_05_IND_HOU,201510080htx
2015_05_WAS_ATL,201510110atl
2015_05_STL_GB,201510110gnb
2015_05_CHI_KC,201510110kan
2015_05_JAX_TB,201510110tam
2015_05_CLE_BAL,201510110rav
2015_05_BUF_TEN,201510110oti
2015_05_SEA_CIN,201510110cin
2015_05_NO_PHI,201510110phi
2015_05_ARI_DET,201510110det
2015_05_NE_DAL,201510110dal
2015_05_DEN_OAK,201510110rai
2015_05_SF_NYG,201510110nyg
2015_05_PIT_SD,201510120sdg
2015_06_ATL_NO,201510150nor
2015_06_WAS_NYJ,201510180nyj
2015_06_CHI_DET,201510180det
2015_06_HOU_JAX,201510180jax
2015_06_DEN_CLE,201510180cle
2015_06_KC_MIN,201510180min
2015_06_CIN_BUF,201510180buf
2015_06_MIA_TEN,201510180oti
2015_06_ARI_PIT,201510180pit
2015_06_CAR_SEA,201510180sea
2015_06_BAL_SF,201510180sfo
2015_06_SD_GB,201510180gnb
2015_06_NE_IND,201510180clt
2015_06_NYG_PHI,201510190phi
2015_07_SEA_SF,201510220sfo
2015_07_BUF_JAX,201510250jax
2015_07_CLE_STL,201510250ram
2015_07_NYJ_NE,201510250nwe
2015_07_ATL_TEN,201510250oti
2015_07_MIN_DET,201510250det
2015_07_HOU_MIA,201510250mia
2015_07_NO_IND,201510250clt
2015_07_PIT_KC,201510250kan
2015_07_TB_WAS,201510250was
2015_07_OAK_SD,201510250sdg
2015_07_DAL_NYG,201510250nyg
2015_07_PHI_CAR,201510250car
2015_07_BAL_ARI,201510260crd
2015_08_MIA_NE,201510290nwe
2015_08_DET_KC,201511010kan
2015_08_SF_STL,201511010ram
2015_08_MIN_CHI,201511010chi
2015_08_CIN_PIT,201511010pit
2015_08_SD_BAL,201511010rav
2015_08_TEN_HOU,201511010htx
2015_08_ARI_CLE,201511010cle
2015_08_TB_ATL,201511010atl
2015_08_NYG_NO,201511010nor
2015_08_NYJ_OAK,201511010rai
2015_08_SEA_DAL,201511010dal
2015_08_GB_DEN,201511010den
2015_08_IND_CAR,201511020car
2015_09_CLE_CIN,201511050cin
2015_09_STL_MIN,201511080min
2015_09_JAX_NYJ,201511080nyj
2015_09_WAS_NE,201511080nwe
2015_09_MIA_BUF,201511080buf
2015_09_TEN_NO,201511080nor
2015_09_OAK_PIT,201511080pit
2015_09_GB_CAR,201511080car
2015_09_ATL_SF,201511080sfo
2015_09_NYG_TB,201511080tam
2015_09_DEN_IND,201511080clt
2015_09_PHI_DAL,201511080dal
2015_09_CHI_SD,201511090sdg
2015_10_BUF_NYJ,201511120nyj
2015_10_CHI_STL,201511150ram
2015_10_CAR_TEN,201511150oti
2015_10_DET_GB,201511150gnb
2015_10_CLE_PIT,201511150pit
2015_10_MIA_PHI,201511150phi
2015_10_DAL_TB,201511150tam
2015_10_JAX_BAL,201511150rav
2015_10_NO_WAS,201511150was
2015_10_MIN_OAK,201511150rai
2015_10_KC_DEN,201511150den
2015_10_NE_NYG,201511150nyg
2015_10_ARI_SEA,201511150sea
2015_10_HOU_CIN,201511160cin
2015_11_TEN_JAX,201511190jax
2015_11_TB_PHI,201511220phi
2015_11_DEN_CHI,201511220chi
2015_11_IND_ATL,201511220atl
2015_11_WAS_CAR,201511220car
2015_11_STL_BAL,201511220rav
2015_11_OAK_DET,201511220det
2015_11_DAL_MIA,201511220mia
2015_11_NYJ_HOU,201511220htx
2015_11_KC_SD,201511220sdg
2015_11_GB_MIN,201511220min
2015_11_SF_SEA,201511220sea
2015_11_CIN_ARI,201511220crd
2015_11_BUF_NE,201511230nwe
2015_12_PHI_DET,201511260det
2015_12_CAR_DAL,201511260dal
2015_12_CHI_GB,201511260gnb
2015_12_MIN_ATL,201511290atl
2015_12_OAK_TEN,201511290oti
2015_12_NO_HOU,201511290htx
2015_12_STL_CIN,201511290cin
2015_12_TB_IND,201511290clt
2015_12_MIA_NYJ,201511290nyj
2015_12_BUF_KC,201511290kan
2015_12_NYG_WAS,201511290was
2015_12_SD_JAX,201511290jax
2015_12_ARI_SF,201511290sfo
2015_12_PIT_SEA,201511290sea
2015_12_NE_DEN,201511290den
2015_12_BAL_CLE,201511300cle
2015_13_GB_DET,201512030det
2015_13_ARI_STL,201512060ram
2015_13_SEA_MIN,201512060min
2015_13_SF_CHI,201512060chi
2015_13_JAX_TEN,201512060oti
2015_13_HOU_BUF,201512060buf
2015_13_BAL_MIA,201512060mia
2015_13_ATL_TB,201512060tam
2015_13_NYJ_NYG,201512060nyg
2015_13_CIN_CLE,201512060cle
2015_13_DEN_SD,201512060sdg
2015_13_KC_OAK,201512060rai
2015_13_PHI_NE,201512060nwe
2015_13_CAR_NO,201512060nor
2015_13_IND_PIT,201512060pit
2015_13_DAL_WAS,201512070was
2015_14_MIN_ARI,201512100crd
2015_14_BUF_PHI,201512130phi
2015_14_IND_JAX,201512130jax
2015_14_NO_TB,201512130tam
2015_14_TEN_NYJ,201512130nyj
2015_14_DET_STL,201512130ram
2015_14_PIT_CIN,201512130cin
2015_14_SEA_BAL,201512130rav
2015_14_WAS_CHI,201512130chi
2015_14_SF_CLE,201512130cle
2015_14_ATL_CAR,201512130car
2015_14_SD_KC,201512130kan
2015_14_OAK_DEN,201512130den
2015_14_DAL_GB,201512130gnb
2015_14_NE_HOU,201512130htx
2015_14_NYG_MIA,201512140mia
2015_15_TB_STL,201512170ram
2015_15_NYJ_DAL,201512190dal
2015_15_TEN_NE,201512200nwe
2015_15_CAR_NYG,201512200nyg
2015_15_CHI_MIN,201512200min
2015_15_HOU_IND,201512200clt
2015_15_ATL_JAX,201512200jax
2015_15_KC_BAL,201512200rav
2015_15_BUF_WAS,201512200was
2015_15_GB_OAK,201512200rai
2015_15_CLE_SEA,201512200sea
2015_15_MIA_SD,201512200sdg
2015_15_DEN_PIT,201512200pit
2015_15_CIN_SF,201512200sfo
2015_15_ARI_PHI,201512200phi
2015_15_DET_NO,201512210nor
2015_16_SD_OAK,201512240rai
2015_16_WAS_PHI,201512260phi
2015_16_IND_MIA,201512270mia
2015_16_CAR_ATL,201512270atl
2015_16_DAL_BUF,201512270buf
2015_16_PIT_BAL,201512270rav
2015_16_HOU_TEN,201512270oti
2015_16_NE_NYJ,201512270nyj
2015_16_SF_DET,201512270det
2015_16_CHI_TB,201512270tam
2015_16_CLE_KC,201512270kan
2015_16_JAX_NO,201512270nor
2015_16_GB_ARI,201512270crd
2015_16_STL_SEA,201512270sea
2015_16_NYG_MIN,201512270min
2015_16_CIN_DEN,201512280den
2015_17_DET_CHI,201601030chi
2015_17_PIT_CLE,201601030cle
2015_17_NE_MIA,201601030mia
2015_17_TEN_IND,201601030clt
2015_17_NO_ATL,201601030atl
2015_17_NYJ_BUF,201601030buf
2015_17_JAX_HOU,201601030htx
2015_17_BAL_CIN,201601030cin
2015_17_PHI_NYG,201601030nyg
2015_17_WAS_DAL,201601030dal
2015_17_SEA_ARI,201601030crd
2015_17_SD_DEN,201601030den
2015_17_STL_SF,201601030sfo
2015_17_TB_CAR,201601030car
2015_17_OAK_KC,201601030kan
2015_17_MIN_GB,201601030gnb
2015_18_KC_HOU,201601090htx
2015_18_PIT_CIN,201601090cin
2015_18_SEA_MIN,201601100min
2015_18_GB_WAS,201601100was
2015_19_KC_NE,201601160nwe
2015_19_GB_ARI,201601160crd
2015_19_SEA_CAR,201601170car
2015_19_PIT_DEN,201601170den
2015_20_NE_DEN,201601240den
2015_20_ARI_CAR,201601240car
2015_21_CAR_DEN,201602070den
2016_01_CAR_DEN,201609080den
2016_01_GB_JAX,201609110jax
2016_01_BUF_BAL,201609110rav
2016_01_TB_ATL,201609110atl
2016_01_MIN_TEN,201609110oti
2016_01_OAK_NO,201609110nor
2016_01_CLE_PHI,201609110phi
2016_01_SD_KC,201609110kan
2016_01_CHI_HOU,201609110htx
2016_01_CIN_NYJ,201609110nyj
2016_01_MIA_SEA,201609110sea
2016_01_NYG_DAL,201609110dal
2016_01_DET_IND,201609110clt
2016_01_NE_ARI,201609110crd
2016_01_PIT_WAS,201609120was
2016_01_LA_SF,201609120sfo
2016_02_NYJ_BUF,201609150buf
2016_02_CIN_PIT,201609180pit
2016_02_KC_HOU,201609180htx
2016_02_TEN_DET,201609180det
2016_02_BAL_CLE,201609180cle
2016_02_MIA_NE,201609180nwe
2016_02_DAL_WAS,201609180was
2016_02_SF_CAR,201609180car
2016_02_NO_NYG,201609180nyg
2016_02_TB_ARI,201609180crd
2016_02_SEA_LA,201609180ram
2016_02_IND_DEN,201609180den
2016_02_ATL_OAK,201609180rai
2016_02_JAX_SD,201609180sdg
2016_02_GB_MIN,201609180min
2016_02_PHI_CHI,201609190chi
2016_03_HOU_NE,201609220nwe
2016_03_WAS_NYG,201609250nyg
2016_03_OAK_TEN,201609250oti
2016_03_DET_GB,201609250gnb
2016_03_BAL_JAX,201609250jax
2016_03_CLE_MIA,201609250mia
2016_03_ARI_BUF,201609250buf
2016_03_MIN_CAR,201609250car
2016_03_DEN_CIN,201609250cin
2016_03_LA_TB,201609250tam
2016_03_SF_SEA,201609250sea
2016_03_PIT_PHI,201609250phi
2016_03_SD_IND,201609250clt
2016_03_NYJ_KC,201609250kan
2016_03_CHI_DAL,201609250dal
2016_03_ATL_NO,201609260nor
2016_04_MIA_CIN,201609290cin
2016_04_IND_JAX,201610020jax
2016_04_DET_CHI,201610020chi
2016_04_BUF_NE,201610020nwe
2016_04_OAK_BAL,201610020rav
2016_04_TEN_HOU,201610020htx
2016_04_SEA_NYJ,201610020nyj
2016_04_CAR_ATL,201610020atl
2016_04_CLE_WAS,201610020was
2016_04_DEN_TB,201610020tam
2016_04_LA_ARI,201610020crd
2016_04_NO_SD,201610020sdg
2016_04_DAL_SF,201610020sfo
2016_04_KC_PIT,201610020pit
2016_04_NYG_MIN,201610030min
2016_05_ARI_SF,201610060sfo
2016_05_NYJ_PIT,201610090pit
2016_05_NE_CLE,201610090cle
2016_05_TEN_MIA,201610090mia
2016_05_PHI_DET,201610090det
2016_05_CHI_IND,201610090clt
2016_05_WAS_BAL,201610090rav
2016_05_HOU_MIN,201610090min
2016_05_ATL_DEN,201610090den
2016_05_BUF_LA,201610090ram
2016_05_SD_OAK,201610090rai
2016_05_CIN_DAL,201610090dal
2016_05_NYG_GB,201610090gnb
2016_05_TB_CAR,201610100car
2016_06_DEN_SD,201610130sdg
2016_06_SF_BUF,201610160buf
2016_06_LA_DET,201610160det
2016_06_JAX_CHI,201610160chi
2016_06_CIN_NE,201610160nwe
2016_06_BAL_NYG,201610160nyg
2016_06_CLE_TEN,201610160oti
2016_06_PIT_MIA,201610160mia
2016_06_PHI_WAS,201610160was
2016_06_CAR_NO,201610160nor
2016_06_KC_OAK,201610160rai
2016_06_DAL_GB,201610160gnb
2016_06_ATL_SEA,201610160sea
2016_06_IND_HOU,201610160htx
2016_06_NYJ_ARI,201610170crd
2016_07_CHI_GB,201610200gnb
2016_07_NYG_LA,201610230ram
2016_07_MIN_PHI,201610230phi
2016_07_OAK_JAX,201610230jax
2016_07_IND_TEN,201610230oti
2016_07_BUF_MIA,201610230mia
2016_07_WAS_DET,201610230det
2016_07_CLE_CIN,201610230cin
2016_07_NO_KC,201610230kan
2016_07_BAL_NYJ,201610230nyj
2016_07_SD_ATL,201610230atl
2016_07_TB_SF,201610230sfo
2016_07_NE_PIT,201610230pit
2016_07_SEA_ARI,201610230crd
2016_07_HOU_DEN,201610240den
2016_08_JAX_TEN,201610270oti
2016_08_WAS_CIN,201610300cin
2016_08_ARI_CAR,201610300car
2016_08_NE_BUF,201610300buf
2016_08_OAK_TB,201610300tam
2016_08_NYJ_CLE,201610300cle
2016_08_KC_IND,201610300clt
2016_08_SEA_NO,201610300nor
2016_08_DET_HOU,201610300htx
2016_08_SD_DEN,201610300den
2016_08_GB_ATL,201610300atl
2016_08_PHI_DAL,201610300dal
2016_08_MIN_CHI,201610310chi
2016_09_ATL_TB,201611030tam
2016_09_PIT_BAL,201611060rav
2016_09_NYJ_MIA,201611060mia
2016_09_PHI_NYG,201611060nyg
2016_09_JAX_KC,201611060kan
2016_09_DET_MIN,201611060min
2016_09_DAL_CLE,201611060cle
2016_09_NO_SF,201611060sfo
2016_09_CAR_LA,201611060ram
2016_09_IND_GB,201611060gnb
2016_09_TEN_SD,201611060sdg
2016_09_DEN_OAK,201611060rai
2016_09_BUF_SEA,201611070sea
2016_10_CLE_BAL,201611100rav
2016_10_KC_CAR,201611130car
2016_10_HOU_JAX,201611130jax
2016_10_MIN_WAS,201611130was
2016_10_CHI_TB,201611130tam
2016_10_GB_TEN,201611130oti
2016_10_LA_NYJ,201611130nyj
2016_10_DEN_NO,201611130nor
2016_10_ATL_PHI,201611130phi
2016_10_MIA_SD,201611130sdg
2016_10_SF_ARI,201611130crd
2016_10_DAL_PIT,201611130pit
2016_10_SEA_NE,201611130nwe
2016_10_CIN_NYG,201611140nyg
2016_11_NO_CAR,201611170car
2016_11_BUF_CIN,201611200cin
2016_11_JAX_DET,201611200det
2016_11_CHI_NYG,201611200nyg
2016_11_ARI_MIN,201611200min
2016_11_BAL_DAL,201611200dal
2016_11_TB_KC,201611200kan
2016_11_TEN_IND,201611200clt
2016_11_PIT_CLE,201611200cle
2016_11_MIA_LA,201611200ram
2016_11_NE_SF,201611200sfo
2016_11_PHI_SEA,201611200sea
2016_11_GB_WAS,201611200was
2016_11_HOU_OAK,201611210rai
2016_12_MIN_DET,201611240det
2016_12_WAS_DAL,201611240dal
2016_12_PIT_IND,201611240clt
2016_12_ARI_ATL,201611270atl
2016_12_SD_HOU,201611270htx
2016_12_CIN_BAL,201611270rav
2016_12_SF_MIA,201611270mia
2016_12_LA_NO,201611270nor
2016_12_JAX_BUF,201611270buf
2016_12_TEN_CHI,201611270chi
2016_12_NYG_CLE,201611270cle
2016_12_SEA_TB,201611270tam
2016_12_CAR_OAK,201611270rai
2016_12_NE_NYJ,201611270nyj
2016_12_KC_DEN,201611270den
2016_12_GB_PHI,201611280phi
2016_13_DAL_MIN,201612010min
2016_13_MIA_BAL,201612040rav
2016_13_LA_NE,201612040nwe
2016_13_DEN_JAX,201612040jax
2016_13_DET_NO,201612040nor
2016_13_SF_CHI,201612040chi
2016_13_HOU_GB,201612040gnb
2016_13_KC_ATL,201612040atl
2016_13_PHI_CIN,201612040cin
2016_13_BUF_OAK,201612040rai
2016_13_WAS_ARI,201612040crd
2016_13_NYG_PIT,201612040pit
2016_13_TB_SD,201612040sdg
2016_13_CAR_SEA,201612040sea
2016_13_IND_NYJ,201612050nyj
2016_14_OAK_KC,201612080kan
2016_14_HOU_IND,201612110clt
2016_14_SD_CAR,201612110car
2016_14_CIN_CLE,201612110cle
2016_14_MIN_JAX,201612110jax
2016_14_ARI_MIA,201612110mia
2016_14_PIT_BUF,201612110buf
2016_14_DEN_TEN,201612110oti
2016_14_WAS_PHI,201612110phi
2016_14_CHI_DET,201612110det
2016_14_NYJ_SF,201612110sfo
2016_14_ATL_LA,201612110ram
2016_14_NO_TB,201612110tam
2016_14_SEA_GB,201612110gnb
2016_14_DAL_NYG,201612110nyg
2016_14_BAL_NE,201612120nwe
2016_15_LA_SEA,201612150sea
2016_15_MIA_NYJ,201612170nyj
2016_15_CLE_BUF,201612180buf
2016_15_PHI_BAL,201612180rav
2016_15_GB_CHI,201612180chi
2016_15_IND_MIN,201612180min
2016_15_DET_NYG,201612180nyg
2016_15_JAX_HOU,201612180htx
2016_15_PIT_CIN,201612180cin
2016_15_TEN_KC,201612180kan
2016_15_NO_ARI,201612180crd
2016_15_SF_ATL,201612180atl
2016_15_NE_DEN,201612180den
2016_15_OAK_SD,201612180sdg
2016_15_TB_DAL,201612180dal
2016_15_CAR_WAS,201612190was
2016_16_NYG_PHI,201612220phi
2016_16_ATL_CAR,201612240car
2016_16_NYJ_NE,201612240nwe
2016_16_MIN_GB,201612240gnb
2016_16_MIA_BUF,201612240buf
2016_16_WAS_CHI,201612240chi
2016_16_TEN_JAX,201612240jax
2016_16_SD_CLE,201612240cle
2016_16_IND_OAK,201612240rai
2016_16_SF_LA,201612240ram
2016_16_TB_NO,201612240nor
2016_16_ARI_SEA,201612240sea
2016_16_CIN_HOU,201612240htx
2016_16_BAL_PIT,201612250pit
2016_16_DEN_KC,201612250kan
2016_16_DET_DAL,201612260dal
2016_17_NE_MIA,201701010mia
2016_17_BUF_NYJ,201701010nyj
2016_17_CAR_TB,201701010tam
2016_17_CHI_MIN,201701010min
2016_17_HOU_TEN,201701010oti
2016_17_CLE_PIT,201701010pit
2016_17_JAX_IND,201701010clt
2016_17_DAL_PHI,201701010phi
2016_17_BAL_CIN,201701010cin
2016_17_ARI_LA,201701010ram
2016_17_NYG_WAS,201701010was
2016_17_OAK_DEN,201701010den
2016_17_KC_SD,201701010sdg
2016_17_NO_ATL,201701010atl
2016_17_SEA_SF,201701010sfo
2016_17_GB_DET,201701010det
2016_18_OAK_HOU,201701070htx
2016_18_DET_SEA,201701070sea
2016_18_MIA_PIT,201701080pit
2016_18_NYG_GB,201701080gnb
2016_19_SEA_ATL,201701140atl
2016_19_HOU_NE,201701140nwe
2016_19_GB_DAL,201701150dal
2016_19_PIT_KC,201701150kan
2016_20_GB_ATL,201701220atl
2016_20_PIT_NE,201701220nwe
2016_21_NE_ATL,201702050atl
2017_01_KC_NE,201709070nwe
2017_01_ATL_CHI,201709100chi
2017_01_NYJ_BUF,201709100buf
2017_01_OAK_TEN,201709100oti
2017_01_PHI_WAS,201709100was
2017_01_BAL_CIN,201709100cin
2017_01_PIT_CLE,201709100cle
2017_01_ARI_DET,201709100det
2017_01_JAX_HOU,201709100htx
2017_01_IND_LA,201709100ram
2017_01_CAR_SF,201709100sfo
2017_01_SEA_GB,201709100gnb
2017_01_NYG_DAL,201709100dal
2017_01_NO_MIN,201709110min
2017_01_LAC_DEN,201709110den
2017_02_HOU_CIN,201709140cin
2017_02_CHI_TB,201709170tam
2017_02_TEN_JAX,201709170jax
2017_02_PHI_KC,201709170kan
2017_02_ARI_IND,201709170clt
2017_02_MIN_PIT,201709170pit
2017_02_NE_NO,201709170nor
2017_02_BUF_CAR,201709170car
2017_02_CLE_BAL,201709170rav
2017_02_MIA_LAC,201709170sdg
2017_02_NYJ_OAK,201709170rai
2017_02_DAL_DEN,201709170den
2017_02_WAS_LA,201709170ram
2017_02_SF_SEA,201709170sea
2017_02_GB_ATL,201709170atl
2017_02_DET_NYG,201709180nyg
2017_03_LA_SF,201709210sfo
2017_03_BAL_JAX,201709240jax
2017_03_MIA_NYJ,201709240nyj
2017_03_ATL_DET,201709240det
2017_03_DEN_BUF,201709240buf
2017_03_HOU_NE,201709240nwe
2017_03_CLE_IND,201709240clt
2017_03_TB_MIN,201709240min
2017_03_NYG_PHI,201709240phi
2017_03_NO_CAR,201709240car
2017_03_PIT_CHI,201709240chi
2017_03_SEA_TEN,201709240oti
2017_03_CIN_GB,201709240gnb
2017_03_KC_LAC,201709240sdg
2017_03_OAK_WAS,201709240was
2017_03_DAL_ARI,201709250crd
2017_04_CHI_GB,201709280gnb
2017_04_NO_MIA,201710010mia
2017_04_CAR_NE,201710010nwe
2017_04_DET_MIN,201710010min
2017_04_JAX_NYJ,201710010nyj
2017_04_BUF_ATL,201710010atl
2017_04_LA_DAL,201710010dal
2017_04_PIT_BAL,201710010rav
2017_04_TEN_HOU,201710010htx
2017_04_CIN_CLE,201710010cle
2017_04_SF_ARI,201710010crd
2017_04_NYG_TB,201710010tam
2017_04_PHI_LAC,201710010sdg
2017_04_OAK_DEN,201710010den
2017_04_IND_SEA,201710010sea
2017_04_WAS_KC,201710020kan
2017_05_NE_TB,201710050tam
2017_05_TEN_MIA,201710080mia
2017_05_SF_IND,201710080clt
2017_05_ARI_PHI,201710080phi
2017_05_BUF_CIN,201710080cin
2017_05_LAC_NYG,201710080nyg
2017_05_CAR_DET,201710080det
2017_05_JAX_PIT,201710080pit
2017_05_NYJ_CLE,201710080cle
2017_05_BAL_OAK,201710080rai
2017_05_SEA_LA,201710080ram
2017_05_GB_DAL,201710080dal
2017_05_KC_HOU,201710080htx
2017_05_MIN_CHI,201710090chi
2017_06_PHI_CAR,201710120car
2017_06_MIA_ATL,201710150atl
2017_06_NE_NYJ,201710150nyj
2017_06_CHI_BAL,201710150rav
2017_06_SF_WAS,201710150was
2017_06_CLE_HOU,201710150htx
2017_06_DET_NO,201710150nor
2017_06_GB_MIN,201710150min
2017_06_TB_ARI,201710150crd
2017_06_LA_JAX,201710150jax
2017_06_LAC_OAK,201710150rai
2017_06_PIT_KC,201710150kan
2017_06_NYG_DEN,201710150den
2017_06_IND_TEN,201710160oti
2017_07_KC_OAK,201710190rai
2017_07_TB_BUF,201710220buf
2017_07_NYJ_MIA,201710220mia
2017_07_BAL_MIN,201710220min
2017_07_NO_GB,201710220gnb
2017_07_JAX_IND,201710220clt
2017_07_ARI_LA,201710220ram
2017_07_CAR_CHI,201710220chi
2017_07_TEN_CLE,201710220cle
2017_07_DAL_SF,201710220sfo
2017_07_DEN_LAC,201710220sdg
2017_07_CIN_PIT,201710220pit
2017_07_SEA_NYG,201710220nyg
2017_07_ATL_NE,201710220nwe
2017_07_WAS_PHI,201710230phi
2017_08_MIA_BAL,201710260rav
2017_08_MIN_CLE,201710290cle
2017_08_ATL_NYJ,201710290nyj
2017_08_OAK_BUF,201710290buf
2017_08_IND_CIN,201710290cin
2017_08_CAR_TB,201710290tam
2017_08_LAC_NE,201710290nwe
2017_08_SF_PHI,201710290phi
2017_08_CHI_NO,201710290nor
2017_08_HOU_SEA,201710290sea
2017_08_DAL_WAS,201710290was
2017_08_PIT_DET,201710290det
2017_08_DEN_KC,201710300kan
2017_09_BUF_NYJ,201711020nyj
2017_09_TB_NO,201711050nor
2017_09_DEN_PHI,201711050phi
2017_09_BAL_TEN,201711050oti
2017_09_CIN_JAX,201711050jax
2017_09_ATL_CAR,201711050car
2017_09_LA_NYG,201711050nyg
2017_09_IND_HOU,201711050htx
2017_09_ARI_SF,201711050sfo
2017_09_WAS_SEA,201711050sea
2017_09_KC_DAL,201711050dal
2017_09_OAK_MIA,201711050mia
2017_09_DET_GB,201711060gnb
2017_10_SEA_ARI,201711090crd
2017_10_GB_CHI,201711120chi
2017_10_MIN_WAS,201711120was
2017_10_NO_BUF,201711120buf
2017_10_CIN_TEN,201711120oti
2017_10_LAC_JAX,201711120jax
2017_10_CLE_DET,201711120det
2017_10_NYJ_TB,201711120tam
2017_10_PIT_IND,201711120clt
2017_10_HOU_LA,201711120ram
2017_10_DAL_ATL,201711120atl
2017_10_NYG_SF,201711120sfo
2017_10_NE_DEN,201711120den
2017_10_MIA_CAR,201711130car
2017_11_TEN_PIT,201711160pit
2017_11_LA_MIN,201711190min
2017_11_ARI_HOU,201711190htx
2017_11_JAX_CLE,201711190cle
2017_11_TB_MIA,201711190mia
2017_11_WAS_NO,201711190nor
2017_11_BAL_GB,201711190gnb
2017_11_DET_CHI,201711190chi
2017_11_KC_NYG,201711190nyg
2017_11_BUF_LAC,201711190sdg
2017_11_NE_OAK,201711190rai
2017_11_CIN_DEN,201711190den
2017_11_PHI_DAL,201711190dal
2017_11_ATL_SEA,201711200sea
2017_12_MIN_DET,201711230det
2017_12_LAC_DAL,201711230dal
2017_12_NYG_WAS,201711230was
2017_12_TB_ATL,201711260atl
2017_12_CAR_NYJ,201711260nyj
2017_12_CHI_PHI,201711260phi
2017_12_BUF_KC,201711260kan
2017_12_CLE_CIN,201711260cin
2017_12_TEN_IND,201711260clt
2017_12_MIA_NE,201711260nwe
2017_12_SEA_SF,201711260sfo
2017_12_NO_LA,201711260ram
2017_12_DEN_OAK,201711260rai
2017_12_JAX_ARI,201711260crd
2017_12_GB_PIT,201711260pit
2017_12_HOU_BAL,201711270rav
2017_13_WAS_DAL,201711300dal
2017_13_NE_BUF,201712030buf
2017_13_HOU_TEN,201712030oti
2017_13_KC_NYJ,201712030nyj
2017_13_IND_JAX,201712030jax
2017_13_MIN_ATL,201712030atl
2017_13_DEN_MIA,201712030mia
2017_13_DET_BAL,201712030rav
2017_13_TB_GB,201712030gnb
2017_13_SF_CHI,201712030chi
2017_13_CLE_LAC,201712030sdg
2017_13_LA_ARI,201712030crd
2017_13_NYG_OAK,201712030rai
2017_13_CAR_NO,201712030nor
2017_13_PHI_SEA,201712030sea
2017_13_PIT_CIN,201712040cin
2017_14_NO_ATL,201712070atl
2017_14_MIN_CAR,201712100car
2017_14_DET_TB,201712100tam
2017_14_CHI_CIN,201712100cin
2017_14_GB_CLE,201712100cle
2017_14_DAL_NYG,201712100nyg
2017_14_IND_BUF,201712100buf
2017_14_SF_HOU,201712100htx
2017_14_OAK_KC,201712100kan
2017_14_NYJ_DEN,201712100den
2017_14_WAS_LAC,201712100sdg
2017_14_TEN_ARI,201712100crd
2017_14_SEA_JAX,201712100jax
2017_14_PHI_LA,201712100ram
2017_14_BAL_PIT,201712100pit
2017_14_NE_MIA,201712110mia
2017_15_DEN_IND,201712140clt
2017_15_CHI_DET,201712160det
2017_15_LAC_KC,201712160kan
2017_15_ARI_WAS,201712170was
2017_15_MIA_BUF,201712170buf
2017_15_HOU_JAX,201712170jax
2017_15_NYJ_NO,201712170nor
2017_15_PHI_NYG,201712170nyg
2017_15_GB_CAR,201712170car
2017_15_CIN_MIN,201712170min
2017_15_BAL_CLE,201712170cle
2017_15_LA_SEA,201712170sea
2017_15_TEN_SF,201712170sfo
2017_15_NE_PIT,201712170pit
2017_15_DAL_OAK,201712170rai
2017_15_ATL_TB,201712180tam
2017_16_IND_BAL,201712230rav
2017_16_MIN_GB,201712230gnb
2017_16_ATL_NO,201712240nor
2017_16_TB_CAR,201712240car
2017_16_CLE_CHI,201712240chi
2017_16_DET_CIN,201712240cin
2017_16_BUF_NE,201712240nwe
2017_16_LAC_NYJ,201712240nyj
2017_16_LA_TEN,201712240oti
2017_16_DEN_WAS,201712240was
2017_16_MIA_KC,201712240kan
2017_16_JAX_SF,201712240sfo
2017_16_NYG_ARI,201712240crd
2017_16_SEA_DAL,201712240dal
2017_16_PIT_HOU,201712250htx
2017_16_OAK_PHI,201712250phi
2017_17_NYJ_NE,201712310nwe
2017_17_DAL_PHI,201712310phi
2017_17_WAS_NYG,201712310nyg
2017_17_CLE_PIT,201712310pit
2017_17_GB_DET,201712310det
2017_17_CHI_MIN,201712310min
2017_17_HOU_IND,201712310clt
2017_17_NO_TB,201712310tam
2017_17_ARI_SEA,201712310sea
2017_17_BUF_MIA,201712310mia
2017_17_KC_DEN,201712310den
2017_17_OAK_LAC,201712310sdg
2017_17_JAX_TEN,201712310oti
2017_17_CAR_ATL,201712310atl
2017_17_SF_LA,201712310ram
2017_17_CIN_BAL,201712310rav
2017_18_TEN_KC,201801060kan
2017_18_ATL_LA,201801060ram
2017_18_BUF_JAX,201801070jax
2017_18_CAR_NO,201801070nor
2017_19_ATL_PHI,201801130phi
2017_19_TEN_NE,201801130nwe
2017_19_JAX_PIT,201801140pit
2017_19_NO_MIN,201801140min
2017_20_JAX_NE,201801210nwe
2017_20_MIN_PHI,201801210phi
2017_21_PHI_NE,201802040nwe
2018_01_ATL_PHI,201809060phi
2018_01_TB_NO,201809090nor
2018_01_BUF_BAL,201809090rav
2018_01_CIN_IND,201809090clt
2018_01_PIT_CLE,201809090cle
2018_01_TEN_MIA,201809090mia
2018_01_HOU_NE,201809090nwe
2018_01_JAX_NYG,201809090nyg
2018_01_SF_MIN,201809090min
2018_01_KC_LAC,201809090sdg
2018_01_WAS_ARI,201809090crd
2018_01_DAL_CAR,201809090car
2018_01_SEA_DEN,201809090den
2018_01_CHI_GB,201809090gnb
2018_01_NYJ_DET,201809100det
2018_01_LA_OAK,201809100rai
2018_02_BAL_CIN,201809130cin
2018_02_PHI_TB,201809160tam
2018_02_MIN_GB,201809160gnb
2018_02_HOU_TEN,201809160oti
2018_02_KC_PIT,201809160pit
2018_02_IND_WAS,201809160was
2018_02_CAR_ATL,201809160atl
2018_02_LAC_BUF,201809160buf
2018_02_CLE_NO,201809160nor
2018_02_MIA_NYJ,201809160nyj
2018_02_ARI_LA,201809160ram
2018_02_DET_SF,201809160sfo
2018_02_OAK_DEN,201809160den
2018_02_NE_JAX,201809160jax
2018_02_NYG_DAL,201809160dal
2018_02_SEA_CHI,201809170chi
2018_03_NYJ_CLE,201809200cle
2018_03_NO_ATL,201809230atl
2018_03_BUF_MIN,201809230min
2018_03_OAK_MIA,201809230mia
2018_03_DEN_BAL,201809230rav
2018_03_CIN_CAR,201809230car
2018_03_GB_WAS,201809230was
2018_03_NYG_HOU,201809230htx
2018_03_TEN_JAX,201809230jax
2018_03_SF_KC,201809230kan
2018_03_IND_PHI,201809230phi
2018_03_LAC_LA,201809230ram
2018_03_CHI_ARI,201809230crd
2018_03_DAL_SEA,201809230sea
2018_03_NE_DET,201809230det
2018_03_PIT_TB,201809240tam
2018_04_MIN_LA,201809270ram
2018_04_DET_DAL,201809300dal
2018_04_PHI_TEN,201809300oti
2018_04_NYJ_JAX,201809300jax
2018_04_HOU_IND,201809300clt
2018_04_CIN_ATL,201809300atl
2018_04_BUF_GB,201809300gnb
2018_04_TB_CHI,201809300chi
2018_04_MIA_NE,201809300nwe
2018_04_SEA_ARI,201809300crd
2018_04_CLE_OAK,201809300rai
2018_04_NO_NYG,201809300nyg
2018_04_SF_LAC,201809300sdg
2018_04_BAL_PIT,201809300pit
2018_04_KC_DEN,201810010den
2018_05_IND_NE,201810040nwe
2018_05_NYG_CAR,201810070car
2018_05_ATL_PIT,201810070pit
2018_05_TEN_BUF,201810070buf
2018_05_MIA_CIN,201810070cin
2018_05_BAL_CLE,201810070cle
2018_05_DEN_NYJ,201810070nyj
2018_05_GB_DET,201810070det
2018_05_JAX_KC,201810070kan
2018_05_OAK_LAC,201810070sdg
2018_05_LA_SEA,201810070sea
2018_05_MIN_PHI,201810070phi
2018_05_ARI_SF,201810070sfo
2018_05_DAL_HOU,201810070htx
2018_05_WAS_NO,201810080nor
2018_06_PHI_NYG,201810110nyg
2018_06_CHI_MIA,201810140mia
2018_06_CAR_WAS,201810140was
2018_06_ARI_MIN,201810140min
2018_06_IND_NYJ,201810140nyj
2018_06_TB_ATL,201810140atl
2018_06_BUF_HOU,201810140htx
2018_06_SEA_OAK,201810140rai
2018_06_PIT_CIN,201810140cin
2018_06_LAC_CLE,201810140cle
2018_06_LA_DEN,201810140den
2018_06_JAX_DAL,201810140dal
2018_06_BAL_TEN,201810140oti
2018_06_KC_NE,201810140nwe
2018_06_SF_GB,201810150gnb
2018_07_DEN_ARI,201810180crd
2018_07_TEN_LAC,201810210sdg
2018_07_CAR_PHI,201810210phi
2018_07_DET_MIA,201810210mia
2018_07_NE_CHI,201810210chi
2018_07_MIN_NYJ,201810210nyj
2018_07_BUF_IND,201810210clt
2018_07_HOU_JAX,201810210jax
2018_07_CLE_TB,201810210tam
2018_07_NO_BAL,201810210rav
2018_07_DAL_WAS,201810210was
2018_07_LA_SF,201810210sfo
2018_07_CIN_KC,201810210kan
2018_07_NYG_ATL,201810220atl
2018_08_MIA_HOU,201810250htx
2018_08_PHI_JAX,201810280jax
2018_08_NYJ_CHI,201810280chi
2018_08_BAL_CAR,201810280car
2018_08_SEA_DET,201810280det
2018_08_WAS_NYG,201810280nyg
2018_08_DEN_KC,201810280kan
2018_08_TB_CIN,201810280cin
2018_08_CLE_PIT,201810280pit
2018_08_IND_OAK,201810280rai
2018_08_GB_LA,201810280ram
2018_08_SF_ARI,201810280crd
2018_08_NO_MIN,201810280min
2018_08_NE_BUF,201810290buf
2018_09_OAK_SF,201811010sfo
2018_09_TB_CAR,201811040car
2018_09_PIT_BAL,201811040rav
2018_09_DET_MIN,201811040min
2018_09_ATL_WAS,201811040was
2018_09_CHI_BUF,201811040buf
2018_09_KC_CLE,201811040cle
2018_09_NYJ_MIA,201811040mia
2018_09_LAC_SEA,201811040sea
2018_09_HOU_DEN,201811040den
2018_09_LA_NO,201811040nor
2018_09_GB_NE,201811040nwe
2018_09_TEN_DAL,201811050dal
2018_10_CAR_PIT,201811080pit
2018_10_ATL_CLE,201811110cle
2018_10_WAS_TB,201811110tam
2018_10_NO_CIN,201811110cin
2018_10_JAX_IND,201811110clt
2018_10_ARI_KC,201811110kan
2018_10_DET_CHI,201811110chi
2018_10_NE_TEN,201811110oti
2018_10_BUF_NYJ,201811110nyj
2018_10_LAC_OAK,201811110rai
2018_10_MIA_GB,201811110gnb
2018_10_SEA_LA,201811110ram
2018_10_DAL_PHI,201811110phi
2018_10_NYG_SF,201811120sfo
2018_11_GB_SEA,201811150sea
2018_11_CAR_DET,201811180det
2018_11_HOU_WAS,201811180was
2018_11_DAL_ATL,201811180atl
2018_11_TB_NYG,201811180nyg
2018_11_CIN_BAL,201811180rav
2018_11_PIT_JAX,201811180jax
2018_11_TEN_IND,201811180clt
2018_11_OAK_ARI,201811180crd
2018_11_DEN_LAC,201811180sdg
2018_11_PHI_NO,201811180nor
2018_11_MIN_CHI,201811180chi
2018_11_KC_LA,201811190ram
2018_12_CHI_DET,201811220det
2018_12_WAS_DAL,201811220dal
2018_12_ATL_NO,201811220nor
2018_12_NYG_PHI,201811250phi
2018_12_JAX_BUF,201811250buf
2018_12_OAK_BAL,201811250rav
2018_12_CLE_CIN,201811250cin
2018_12_NE_NYJ,201811250nyj
2018_12_SEA_CAR,201811250car
2018_12_SF_TB,201811250tam
2018_12_ARI_LAC,201811250sdg
2018_12_PIT_DEN,201811250den
2018_12_MIA_IND,201811250clt
2018_12_GB_MIN,201811250min
2018_12_TEN_HOU,201811260htx
2018_13_NO_DAL,201811290dal
2018_13_ARI_GB,201812020gnb
2018_13_CAR_TB,201812020tam
2018_13_CHI_NYG,201812020nyg
2018_13_BAL_ATL,201812020atl
2018_13_BUF_MIA,201812020mia
2018_13_LA_DET,201812020det
2018_13_DEN_CIN,201812020cin
2018_13_CLE_HOU,201812020htx
2018_13_IND_JAX,201812020jax
2018_13_KC_OAK,201812020rai
2018_13_NYJ_TEN,201812020oti
2018_13_MIN_NE,201812020nwe
2018_13_SF_SEA,201812020sea
2018_13_LAC_PIT,201812020pit
2018_13_WAS_PHI,201812030phi
2018_14_JAX_TEN,201812060oti
2018_14_NO_TB,201812090tam
2018_14_ATL_GB,201812090gnb
2018_14_NYJ_BUF,201812090buf
2018_14_IND_HOU,201812090htx
2018_14_NYG_WAS,201812090was
2018_14_CAR_CLE,201812090cle
2018_14_BAL_KC,201812090kan
2018_14_NE_MIA,201812090mia
2018_14_CIN_LAC,201812090sdg
2018_14_DEN_SF,201812090sfo
2018_14_PHI_DAL,201812090dal
2018_14_PIT_OAK,201812090rai
2018_14_DET_ARI,201812090crd
2018_14_LA_CHI,201812090chi
2018_14_MIN_SEA,201812100sea
2018_15_LAC_KC,201812130kan
2018_15_HOU_NYJ,201812150nyj
2018_15_CLE_DEN,201812150den
2018_15_TEN_NYG,201812160nyg
2018_15_TB_BAL,201812160rav
2018_15_GB_CHI,201812160chi
2018_15_MIA_MIN,201812160min
2018_15_ARI_ATL,201812160atl
2018_15_DET_BUF,201812160buf
2018_15_OAK_CIN,201812160cin
2018_15_WAS_JAX,201812160jax
2018_15_DAL_IND,201812160clt
2018_15_SEA_SF,201812160sfo
2018_15_NE_PIT,201812160pit
2018_15_PHI_LA,201812160ram
2018_15_NO_CAR,201812170car
2018_16_WAS_TEN,201812220oti
2018_16_BAL_LAC,201812220sdg
2018_16_ATL_CAR,201812230car
2018_16_BUF_NE,201812230nwe
2018_16_MIN_DET,201812230det
2018_16_GB_NYJ,201812230nyj
2018_16_CIN_CLE,201812230cle
2018_16_JAX_MIA,201812230mia
2018_16_NYG_IND,201812230clt
2018_16_TB_DAL,201812230dal
2018_16_HOU_PHI,201812230phi
2018_16_LA_ARI,201812230crd
2018_16_CHI_SF,201812230sfo
2018_16_PIT_NO,201812230nor
2018_16_KC_SEA,201812230sea
2018_16_DEN_OAK,201812240rai
2018_17_DAL_NYG,201812300nyg
2018_17_JAX_HOU,201812300htx
2018_17_ATL_TB,201812300tam
2018_17_NYJ_NE,201812300nwe
2018_17_MIA_BUF,201812300buf
2018_17_CAR_NO,201812300nor
2018_17_DET_GB,201812300gnb
2018_17_CHI_MIN,201812300min
2018_17_OAK_KC,201812300kan
2018_17_ARI_SEA,201812300sea
2018_17_PHI_WAS,201812300was
2018_17_LAC_DEN,201812300den
2018_17_SF_LA,201812300ram
2018_17_CIN_PIT,201812300pit
2018_17_CLE_BAL,201812300rav
2018_17_IND_TEN,201812300oti
2018_18_IND_HOU,201901050htx
2018_18_SEA_DAL,201901050dal
2018_18_LAC_BAL,201901060rav
2018_18_PHI_CHI,201901060chi
2018_19_IND_KC,201901120kan
2018_19_DAL_LA,201901120ram
2018_19_LAC_NE,201901130nwe
2018_19_PHI_NO,201901130nor
2018_20_LA_NO,201901200nor
2018_20_NE_KC,201901200kan
2018_21_NE_LA,201902030ram
2019_01_GB_CHI,201909050chi
2019_01_ATL_MIN,201909080min
2019_01_BUF_NYJ,201909080nyj
2019_01_WAS_PHI,201909080phi
2019_01_TEN_CLE,201909080cle
2019_01_LA_CAR,201909080car
2019_01_KC_JAX,201909080jax
2019_01_BAL_MIA,201909080mia
2019_01_CIN_SEA,201909080sea
2019_01_IND_LAC,201909080sdg
2019_01_DET_ARI,201909080crd
2019_01_NYG_DAL,201909080dal
2019_01_SF_TB,201909080tam
2019_01_PIT_NE,201909080nwe
2019_01_HOU_NO,201909090nor
2019_01_DEN_OAK,201909090rai
2019_02_TB_CAR,201909120car
2019_02_ARI_BAL,201909150rav
2019_02_DAL_WAS,201909150was
2019_02_SEA_PIT,201909150pit
2019_02_MIN_GB,201909150gnb
2019_02_JAX_HOU,201909150htx
2019_02_SF_CIN,201909150cin
2019_02_IND_TEN,201909150oti
2019_02_NE_MIA,201909150mia
2019_02_BUF_NYG,201909150nyg
2019_02_LAC_DET,201909150det
2019_02_KC_OAK,201909150rai
2019_02_CHI_DEN,201909150den
2019_02_NO_LA,201909150ram
2019_02_PHI_ATL,201909150atl
2019_02_CLE_NYJ,201909160nyj
2019_03_TEN_JAX,201909190jax
2019_03_ATL_IND,201909220clt
2019_03_NYJ_NE,201909220nwe
2019_03_CIN_BUF,201909220buf
2019_03_DEN_GB,201909220gnb
2019_03_DET_PHI,201909220phi
2019_03_BAL_KC,201909220kan
2019_03_OAK_MIN,201909220min
2019_03_MIA_DAL,201909220dal
2019_03_NYG_TB,201909220tam
2019_03_CAR_ARI,201909220crd
2019_03_NO_SEA,201909220sea
2019_03_PIT_SF,201909220sfo
2019_03_HOU_LAC,201909220sdg
2019_03_LA_CLE,201909220cle
2019_03_CHI_WAS,201909230was
2019_04_PHI_GB,201909260gnb
2019_04_WAS_NYG,201909290nyg
2019_04_CAR_HOU,201909290htx
2019_04_TEN_ATL,201909290atl
2019_04_NE_BUF,201909290buf
2019_04_KC_DET,201909290det
2019_04_CLE_BAL,201909290rav
2019_04_OAK_IND,201909290clt
2019_04_LAC_MIA,201909290mia
2019_04_TB_LA,201909290ram
2019_04_SEA_ARI,201909290crd
2019_04_MIN_CHI,201909290chi
2019_04_JAX_DEN,201909290den
2019_04_DAL_NO,201909290nor
2019_04_CIN_PIT,201909300pit
2019_05_LA_SEA,201910030sea
2019_05_NYJ_PHI,201910060phi
2019_05_MIN_NYG,201910060nyg
2019_05_ATL_HOU,201910060htx
2019_05_BUF_TEN,201910060oti
2019_05_BAL_PIT,201910060pit
2019_05_ARI_CIN,201910060cin
2019_05_TB_NO,201910060nor
2019_05_NE_WAS,201910060was
2019_05_JAX_CAR,201910060car
2019_05_CHI_OAK,201910060rai
2019_05_DEN_LAC,201910060sdg
2019_05_GB_DAL,201910060dal
2019_05_IND_KC,201910060kan
2019_05_CLE_SF,201910070sfo
2019_06_NYG_NE,201910100nwe
2019_06_CAR_TB,201910130tam
2019_06_WAS_MIA,201910130mia
2019_06_HOU_KC,201910130kan
2019_06_PHI_MIN,201910130min
2019_06_CIN_BAL,201910130rav
2019_06_NO_JAX,201910130jax
2019_06_SEA_CLE,201910130cle
2019_06_SF_LA,201910130ram
2019_06_ATL_ARI,201910130crd
2019_06_DAL_NYJ,201910130nyj
2019_06_TEN_DEN,201910130den
2019_06_PIT_LAC,201910130sdg
2019_06_DET_GB,201910140gnb
2019_07_KC_DEN,201910170den
2019_07_SF_WAS,201910200was
2019_07_MIA_BUF,201910200buf
2019_07_MIN_DET,201910200det
2019_07_HOU_IND,201910200clt
2019_07_ARI_NYG,201910200nyg
2019_07_LA_ATL,201910200atl
2019_07_OAK_GB,201910200gnb
2019_07_JAX_CIN,201910200cin
2019_07_LAC_TEN,201910200oti
2019_07_NO_CHI,201910200chi
2019_07_BAL_SEA,201910200sea
2019_07_PHI_DAL,201910200dal
2019_07_NE_NYJ,201910210nyj
2019_08_WAS_MIN,201910240min
2019_08_PHI_BUF,201910270buf
2019_08_NYG_DET,201910270det
2019_08_DEN_IND,201910270clt
2019_08_LAC_CHI,201910270chi
2019_08_NYJ_JAX,201910270jax
2019_08_ARI_NO,201910270nor
2019_08_SEA_ATL,201910270atl
2019_08_TB_TEN,201910270oti
2019_08_CIN_LA,201910270ram
2019_08_CAR_SF,201910270sfo
2019_08_CLE_NE,201910270nwe
2019_08_OAK_HOU,201910270htx
2019_08_GB_KC,201910270kan
2019_08_MIA_PIT,201910280pit
2019_09_SF_ARI,201910310crd
2019_09_HOU_JAX,201911030jax
2019_09_TEN_CAR,201911030car
2019_09_CHI_PHI,201911030phi
2019_09_NYJ_MIA,201911030mia
2019_09_WAS_BUF,201911030buf
2019_09_IND_PIT,201911030pit
2019_09_MIN_KC,201911030kan
2019_09_DET_OAK,201911030rai
2019_09_TB_SEA,201911030sea
2019_09_CLE_DEN,201911030den
2019_09_GB_LAC,201911030sdg
2019_09_NE_BAL,201911030rav
2019_09_DAL_NYG,201911040nyg
2019_10_LAC_OAK,201911070rai
2019_10_ATL_NO,201911100nor
2019_10_BUF_CLE,201911100cle
2019_10_BAL_CIN,201911100cin
2019_10_DET_CHI,201911100chi
2019_10_KC_TEN,201911100oti
2019_10_ARI_TB,201911100tam
2019_10_NYG_NYJ,201911100nyj
2019_10_MIA_IND,201911100clt
2019_10_LA_PIT,201911100pit
2019_10_CAR_GB,201911100gnb
2019_10_MIN_DAL,201911100dal
2019_10_SEA_SF,201911110sfo
2019_11_PIT_CLE,201911140cle
2019_11_NO_TB,201911170tam
2019_11_DAL_DET,201911170det
2019_11_NYJ_WAS,201911170was
2019_11_ATL_CAR,201911170car
2019_11_BUF_MIA,201911170mia
2019_11_DEN_MIN,201911170min
2019_11_HOU_BAL,201911170rav
2019_11_JAX_IND,201911170clt
2019_11_ARI_SF,201911170sfo
2019_11_NE_PHI,201911170phi
2019_11_CIN_OAK,201911170rai
2019_11_CHI_LA,201911170ram
2019_11_KC_LAC,201911180sdg
2019_12_IND_HOU,201911210htx
2019_12_TB_ATL,201911240atl
2019_12_DEN_BUF,201911240buf
2019_12_CAR_NO,201911240nor
2019_12_DET_WAS,201911240was
2019_12_PIT_CIN,201911240cin
2019_12_OAK_NYJ,201911240nyj
2019_12_SEA_PHI,201911240phi
2019_12_NYG_CHI,201911240chi
2019_12_MIA_CLE,201911240cle
2019_12_JAX_TEN,201911240oti
2019_12_DAL_NE,201911240nwe
2019_12_GB_SF,201911240sfo
2019_12_BAL_LA,201911250ram
2019_13_CHI_DET,201911280det
2019_13_BUF_DAL,201911280dal
2019_13_NO_ATL,201911280atl
2019_13_GB_NYG,201912010nyg
2019_13_TB_JAX,201912010jax
2019_13_CLE_PIT,201912010pit
2019_13_WAS_CAR,201912010car
2019_13_SF_BAL,201912010rav
2019_13_NYJ_CIN,201912010cin
2019_13_PHI_MIA,201912010mia
2019_13_TEN_IND,201912010clt
2019_13_LA_ARI,201912010crd
2019_13_LAC_DEN,201912010den
2019_13_OAK_KC,201912010kan
2019_13_NE_HOU,201912010htx
2019_13_MIN_SEA,201912020sea
2019_14_DAL_CHI,201912050chi
2019_14_CAR_ATL,201912080atl
2019_14_BAL_BUF,201912080buf
2019_14_CIN_CLE,201912080cle
2019_14_MIA_NYJ,201912080nyj
2019_14_IND_TB,201912080tam
2019_14_SF_NO,201912080nor
2019_14_DEN_HOU,201912080htx
2019_14_DET_MIN,201912080min
2019_14_WAS_GB,201912080gnb
2019_14_LAC_JAX,201912080jax
2019_14_PIT_ARI,201912080crd
2019_14_TEN_OAK,201912080rai
2019_14_KC_NE,201912080nwe
2019_14_SEA_LA,201912080ram
2019_14_NYG_PHI,201912090phi
2019_15_NYJ_BAL,201912120rav
2019_15_DEN_KC,201912150kan
2019_15_PHI_WAS,201912150was
2019_15_SEA_CAR,201912150car
2019_15_TB_DET,201912150det
2019_15_CHI_GB,201912150gnb
2019_15_HOU_TEN,201912150oti
2019_15_NE_CIN,201912150cin
2019_15_MIA_NYG,201912150nyg
2019_15_MIN_LAC,201912150sdg
2019_15_JAX_OAK,201912150rai
2019_15_CLE_ARI,201912150crd
2019_15_LA_DAL,201912150dal
2019_15_ATL_SF,201912150sfo
2019_15_BUF_PIT,201912150pit
2019_15_IND_NO,201912160nor
2019_16_HOU_TB,201912210tam
2019_16_BUF_NE,201912210nwe
2019_16_LA_SF,201912210sfo
2019_16_NO_TEN,201912220oti
2019_16_JAX_ATL,201912220atl
2019_16_CIN_MIA,201912220mia
2019_16_BAL_CLE,201912220cle
2019_16_NYG_WAS,201912220was
2019_16_PIT_NYJ,201912220nyj
2019_16_CAR_IND,201912220clt
2019_16_DET_DEN,201912220den
2019_16_OAK_LAC,201912220sdg
2019_16_ARI_SEA,201912220sea
2019_16_DAL_PHI,201912220phi
2019_16_KC_CHI,201912220chi
2019_16_GB_MIN,201912230min
2019_17_NO_CAR,201912290car
2019_17_CHI_MIN,201912290min
2019_17_LAC_KC,201912290kan
2019_17_MIA_NE,201912290nwe
2019_17_ATL_TB,201912290tam
2019_17_NYJ_BUF,201912290buf
2019_17_GB_DET,201912290det
2019_17_CLE_CIN,201912290cin
2019_17_IND_JAX,201912290jax
2019_17_ARI_LA,201912290ram
2019_17_PHI_NYG,201912290nyg
2019_17_WAS_DAL,201912290dal
2019_17_OAK_DEN,201912290den
2019_17_PIT_BAL,201912290rav
2019_17_TEN_HOU,201912290htx
2019_17_SF_SEA,201912290sea
2019_18_BUF_HOU,202001040htx
2019_18_TEN_NE,202001040nwe
2019_18_MIN_NO,202001050nor
2019_18_SEA_PHI,202001050phi
2019_19_MIN_SF,202001110sfo
2019_19_TEN_BAL,202001110rav
2019_19_HOU_KC,202001120kan
2019_19_SEA_GB,202001120gnb
2019_20_TEN_KC,202001190kan
2019_20_GB_SF,202001190sfo
2019_21_SF_KC,202002020kan
2020_01_HOU_KC,202009100kan
2020_01_SEA_ATL,202009130atl
2020_01_NYJ_BUF,202009130buf
2020_01_PHI_WAS,202009130was
2020_01_GB_MIN,202009130min
2020_01_CLE_BAL,202009130rav
2020_01_MIA_NE,202009130nwe
2020_01_IND_JAX,202009130jax
2020_01_LV_CAR,202009130car
2020_01_CHI_DET,202009130det
2020_01_LAC_CIN,202009130cin
2020_01_TB_NO,202009130nor
2020_01_ARI_SF,202009130sfo
2020_01_DAL_LA,202009130ram
2020_01_PIT_NYG,202009140nyg
2020_01_TEN_DEN,202009140den
2020_02_CIN_CLE,202009170cle
2020_02_SF_NYJ,202009200nyj
2020_02_DEN_PIT,202009200pit
2020_02_CAR_TB,202009200tam
2020_02_DET_GB,202009200gnb
2020_02_NYG_CHI,202009200chi
2020_02_JAX_TEN,202009200oti
2020_02_ATL_DAL,202009200dal
2020_02_BUF_MIA,202009200mia
2020_02_LA_PHI,202009200phi
2020_02_MIN_IND,202009200clt
2020_02_WAS_ARI,202009200crd
2020_02_BAL_HOU,202009200htx
2020_02_KC_LAC,202009200sdg
2020_02_NE_SEA,202009200sea
2020_02_NO_LV,202009210rai
2020_03_MIA_JAX,202009240jax
2020_03_CHI_ATL,202009270atl
2020_03_LA_BUF,202009270buf
2020_03_CIN_PHI,202009270phi
2020_03_TEN_MIN,202009270min
2020_03_LV_NE,202009270nwe
2020_03_SF_NYG,202009270nyg
2020_03_HOU_PIT,202009270pit
2020_03_WAS_CLE,202009270cle
2020_03_NYJ_IND,202009270clt
2020_03_CAR_LAC,202009270sdg
2020_03_DAL_SEA,202009270sea
2020_03_DET_ARI,202009270crd
2020_03_TB_DEN,202009270den
2020_03_GB_NO,202009270nor
2020_03_KC_BAL,202009280rav
2020_04_DEN_NYJ,202010010nyj
2020_04_ARI_CAR,202010040car
2020_04_BAL_WAS,202010040was
2020_04_MIN_HOU,202010040htx
2020_04_CLE_DAL,202010040dal
2020_04_NO_DET,202010040det
2020_04_IND_CHI,202010040chi
2020_04_LAC_TB,202010040tam
2020_04_JAX_CIN,202010040cin
2020_04_SEA_MIA,202010040mia
2020_04_NYG_LA,202010040ram
2020_04_BUF_LV,202010040rai
2020_04_PHI_SF,202010040sfo
2020_04_NE_KC,202010050kan
2020_04_ATL_GB,202010050gnb
2020_05_TB_CHI,202010080chi
2020_05_CAR_ATL,202010110atl
2020_05_ARI_NYJ,202010110nyj
2020_05_CIN_BAL,202010110rav
2020_05_LV_KC,202010110kan
2020_05_PHI_PIT,202010110pit
2020_05_LA_WAS,202010110was
2020_05_JAX_HOU,202010110htx
2020_05_MIA_SF,202010110sfo
2020_05_NYG_DAL,202010110dal
2020_05_IND_CLE,202010110cle
2020_05_MIN_SEA,202010110sea
2020_05_LAC_NO,202010120nor
2020_05_BUF_TEN,202010130oti
2020_06_DET_JAX,202010180jax
2020_06_DEN_NE,202010180nwe
2020_06_BAL_PHI,202010180phi
2020_06_HOU_TEN,202010180oti
2020_06_CLE_PIT,202010180pit
2020_06_ATL_MIN,202010180min
2020_06_WAS_NYG,202010180nyg
2020_06_CHI_CAR,202010180car
2020_06_CIN_IND,202010180clt
2020_06_NYJ_MIA,202010180mia
2020_06_GB_TB,202010180tam
2020_06_LA_SF,202010180sfo
2020_06_KC_BUF,202010190buf
2020_06_ARI_DAL,202010190dal
2020_07_NYG_PHI,202010220phi
2020_07_PIT_TEN,202010250oti
2020_07_GB_HOU,202010250htx
2020_07_DET_ATL,202010250atl
2020_07_BUF_NYJ,202010250nyj
2020_07_DAL_WAS,202010250was
2020_07_CAR_NO,202010250nor
2020_07_CLE_CIN,202010250cin
2020_07_TB_LV,202010250rai
2020_07_SF_NE,202010250nwe
2020_07_KC_DEN,202010250den
2020_07_JAX_LAC,202010250sdg
2020_07_SEA_ARI,202010250crd
2020_07_CHI_LA,202010260ram
2020_08_ATL_CAR,202010290car
2020_08_MIN_GB,202011010gnb
2020_08_LA_MIA,202011010mia
2020_08_PIT_BAL,202011010rav
2020_08_IND_DET,202011010det
2020_08_NE_BUF,202011010buf
2020_08_TEN_CIN,202011010cin
2020_08_LV_CLE,202011010cle
2020_08_NYJ_KC,202011010kan
2020_08_LAC_DEN,202011010den
2020_08_SF_SEA,202011010sea
2020_08_NO_CHI,202011010chi
2020_08_DAL_PHI,202011010phi
2020_08_TB_NYG,202011020nyg
2020_09_GB_SF,202011050sfo
2020_09_BAL_IND,202011080clt
2020_09_DET_MIN,202011080min
2020_09_HOU_JAX,202011080jax
2020_09_DEN_ATL,202011080atl
2020_09_SEA_BUF,202011080buf
2020_09_NYG_WAS,202011080was
2020_09_CAR_KC,202011080kan
2020_09_CHI_TEN,202011080oti
2020_09_LV_LAC,202011080sdg
2020_09_MIA_ARI,202011080crd
2020_09_PIT_DAL,202011080dal
2020_09_NO_TB,202011080tam
2020_09_NE_NYJ,202011090nyj
2020_10_IND_TEN,202011120oti
2020_10_WAS_DET,202011150det
2020_10_JAX_GB,202011150gnb
2020_10_HOU_CLE,202011150cle
2020_10_TB_CAR,202011150car
2020_10_PHI_NYG,202011150nyg
2020_10_DEN_LV,202011150rai
2020_10_LAC_MIA,202011150mia
2020_10_BUF_ARI,202011150crd
2020_10_CIN_PIT,202011150pit
2020_10_SF_NO,202011150nor
2020_10_SEA_LA,202011150ram
2020_10_BAL_NE,202011150nwe
2020_10_MIN_CHI,202011160chi
2020_11_ARI_SEA,202011190sea
2020_11_TEN_BAL,202011220rav
2020_11_NE_HOU,202011220htx
2020_11_ATL_NO,202011220nor
2020_11_CIN_WAS,202011220was
2020_11_PIT_JAX,202011220jax
2020_11_PHI_CLE,202011220cle
2020_11_DET_CAR,202011220car
2020_11_NYJ_LAC,202011220sdg
2020_11_MIA_DEN,202011220den
2020_11_GB_IND,202011220clt
2020_11_DAL_MIN,202011220min
2020_11_KC_LV,202011220rai
2020_11_LA_TB,202011230tam
2020_12_HOU_DET,202011260det
2020_12_WAS_DAL,202011260dal
2020_12_LV_ATL,202011290atl
2020_12_LAC_BUF,202011290buf
2020_12_NYG_CIN,202011290cin
2020_12_CLE_JAX,202011290jax
2020_12_MIA_NYJ,202011290nyj
2020_12_TEN_IND,202011290clt
2020_12_ARI_NE,202011290nwe
2020_12_CAR_MIN,202011290min
2020_12_NO_DEN,202011290den
2020_12_SF_LA,202011290ram
2020_12_KC_TB,202011290tam
2020_12_CHI_GB,202011290gnb
2020_12_SEA_PHI,202011300phi
2020_12_BAL_PIT,202012020pit
2020_13_IND_HOU,202012060htx
2020_13_LV_NYJ,202012060nyj
2020_13_DET_CHI,202012060chi
2020_13_JAX_MIN,202012060min
2020_13_NO_ATL,202012060atl
2020_13_CIN_MIA,202012060mia
2020_13_CLE_TEN,202012060oti
2020_13_LA_ARI,202012060crd
2020_13_NYG_SEA,202012060sea
2020_13_NE_LAC,202012060sdg
2020_13_PHI_GB,202012060gnb
2020_13_DEN_KC,202012060kan
2020_13_WAS_PIT,202012070pit
2020_13_BUF_SF,202012070sfo
2020_13_DAL_BAL,202012080rav
2020_14_NE_LA,202012100ram
2020_14_DAL_CIN,202012130cin
2020_14_KC_MIA,202012130mia
2020_14_MIN_TB,202012130tam
2020_14_ARI_NYG,202012130nyg
2020_14_DEN_CAR,202012130car
2020_14_HOU_CHI,202012130chi
2020_14_TEN_JAX,202012130jax
2020_14_IND_LV,202012130rai
2020_14_NYJ_SEA,202012130sea
2020_14_NO_PHI,202012130phi
2020_14_ATL_LAC,202012130sdg
2020_14_GB_DET,202012130det
2020_14_WAS_SF,202012130sfo
2020_14_PIT_BUF,202012130buf
2020_14_BAL_CLE,202012140cle
2020_15_LAC_LV,202012170rai
2020_15_BUF_DEN,202012190den
2020_15_CAR_GB,202012190gnb
2020_15_HOU_IND,202012200clt
2020_15_SF_DAL,202012200dal
2020_15_CHI_MIN,202012200min
2020_15_JAX_BAL,202012200rav
2020_15_TB_ATL,202012200atl
2020_15_DET_TEN,202012200oti
2020_15_SEA_WAS,202012200was
2020_15_NE_MIA,202012200mia
2020_15_PHI_ARI,202012200crd
2020_15_NYJ_LA,202012200ram
2020_15_KC_NO,202012200nor
2020_15_CLE_NYG,202012200nyg
2020_15_PIT_CIN,202012210cin
2020_16_MIN_NO,202012250nor
2020_16_TB_DET,202012260det
2020_16_SF_ARI,202012260crd
2020_16_MIA_LV,202012260rai
2020_16_ATL_KC,202012270kan
2020_16_CIN_HOU,202012270htx
2020_16_CLE_NYJ,202012270nyj
2020_16_IND_PIT,202012270pit
2020_16_NYG_BAL,202012270rav
2020_16_CHI_JAX,202012270jax
2020_16_DEN_LAC,202012270sdg
2020_16_CAR_WAS,202012270was
2020_16_LA_SEA,202012270sea
2020_16_PHI_DAL,202012270dal
2020_16_TEN_GB,202012270gnb
2020_16_BUF_NE,202012280nwe
2020_17_DAL_NYG,202101030nyg
2020_17_ATL_TB,202101030tam
2020_17_NYJ_NE,202101030nwe
2020_17_MIA_BUF,202101030buf
2020_17_MIN_DET,202101030det
2020_17_BAL_CIN,202101030cin
2020_17_PIT_CLE,202101030cle
2020_17_JAX_IND,202101030clt
2020_17_ARI_LA,202101030ram
2020_17_NO_CAR,202101030car
2020_17_SEA_SF,202101030sfo
2020_17_GB_CHI,202101030chi
2020_17_LAC_KC,202101030kan
2020_17_LV_DEN,202101030den
2020_17_TEN_HOU,202101030htx
2020_17_WAS_PHI,202101030phi
2020_18_IND_BUF,202101090buf
2020_18_LA_SEA,202101090sea
2020_18_TB_WAS,202101090was
2020_18_BAL_TEN,202101100oti
2020_18_CHI_NO,202101100nor
2020_18_CLE_PIT,202101100pit
2020_19_LA_GB,202101160gnb
2020_19_BAL_BUF,202101160buf
2020_19_CLE_KC,202101170kan
2020_19_TB_NO,202101170nor
2020_20_TB_GB,202101240gnb
2020_20_BUF_KC,202101240kan
2020_21_KC_TB,202102070tam
